Time_ms,Temp_C,Setpoint_C,Heater_Duty,Speed_mm_s,Error_C
7271,180.43,250.00,100,3.00,69.57
7371,180.35,250.00,100,3.00,69.65
7471,180.30,250.00,100,3.00,69.70
7571,180.22,250.00,100,3.00,69.78
7671,180.16,250.00,100,3.00,69.84
7771,180.11,250.00,100,3.00,69.89
7871,180.06,250.00,100,3.00,69.94
7971,180.01,250.00,100,3.00,69.99
8071,179.99,250.00,100,3.00,70.01
8171,179.95,250.00,100,3.00,70.05
8271,179.94,250.00,100,3.00,70.06
8371,180.00,250.00,100,3.00,70.00
8471,179.95,250.00,100,3.00,70.05
8571,179.87,250.00,100,3.00,70.13
8671,179.91,250.00,100,3.00,70.09
8771,179.89,250.00,100,3.00,70.11
8871,179.85,250.00,100,3.00,70.15
8971,179.78,250.00,100,3.00,70.22
9071,179.78,250.00,100,3.00,70.22
9171,179.70,250.00,100,3.00,70.30
9271,179.68,250.00,100,3.00,70.32
9371,179.73,250.00,100,3.00,70.27
9471,179.70,250.00,100,3.00,70.30
9571,179.70,250.00,100,3.00,70.30
9671,179.73,250.00,100,3.00,70.27
9771,179.72,250.00,100,3.00,70.28
9871,179.78,250.00,100,3.00,70.22
9971,179.78,250.00,100,3.00,70.22
10071,179.77,250.00,100,3.00,70.23
10171,179.76,250.00,100,3.00,70.24
10271,179.78,250.00,100,3.00,70.22
10371,179.82,250.00,100,3.00,70.18
10471,179.92,250.00,100,3.00,70.08
10571,179.91,250.00,100,3.00,70.09
10671,179.87,250.00,100,3.00,70.13
10771,179.90,250.00,100,3.00,70.10
10871,179.98,250.00,100,3.00,70.02
10971,180.01,250.00,100,3.00,69.99
11071,180.01,250.00,100,3.00,69.99
11171,180.04,250.00,100,3.00,69.96
11271,179.99,250.00,100,3.00,70.01
11371,180.02,250.00,100,3.00,69.98
11471,180.10,250.00,100,3.00,69.90
11571,180.08,250.00,100,3.00,69.92
11671,180.14,250.00,100,3.00,69.86
11771,180.14,250.00,100,3.00,69.86
11871,180.16,250.00,100,3.00,69.84
11971,180.21,250.00,100,3.00,69.79
12071,180.20,250.00,100,3.00,69.80
12171,180.29,250.00,100,3.00,69.71
12271,180.33,250.00,100,3.00,69.67
12371,180.33,250.00,100,3.00,69.67
12471,180.38,250.00,100,3.00,69.62
12571,180.53,250.00,100,3.00,69.47
12671,180.58,250.00,100,3.00,69.42
12771,180.68,250.00,100,3.00,69.32
12871,180.78,250.00,100,3.00,69.22
12971,180.84,250.00,100,3.00,69.16
13071,180.97,250.00,100,3.00,69.03
13171,181.03,250.00,100,3.00,68.97
13271,181.10,250.00,100,3.00,68.90
13371,181.07,250.00,100,3.00,68.93
13471,181.10,250.00,100,3.00,68.90
13571,181.24,250.00,100,3.00,68.76
13671,181.30,250.00,100,3.00,68.70
13771,181.38,250.00,100,3.00,68.62
13871,181.42,250.00,100,3.00,68.58
13971,181.48,250.00,100,3.00,68.52
14071,181.56,250.00,100,3.00,68.44
14171,181.58,250.00,100,3.00,68.42
14271,181.67,250.00,100,3.00,68.33
14371,181.78,250.00,100,3.00,68.22
14471,181.92,250.00,100,3.00,68.08
14571,182.03,250.00,100,3.00,67.97
14671,182.24,250.00,100,3.00,67.76
14771,182.35,250.00,100,3.00,67.65
14871,182.51,250.00,100,3.00,67.49
14971,182.71,250.00,100,3.00,67.29
15071,182.81,250.00,100,3.00,67.19
15171,182.88,250.00,100,3.00,67.12
15271,182.99,250.00,100,3.00,67.01
15371,183.08,250.00,100,3.00,66.92
15471,183.15,250.00,100,3.00,66.85
15571,183.22,250.00,100,3.00,66.78
15671,183.39,250.00,100,3.00,66.61
15771,183.50,250.00,100,3.00,66.50
15871,183.60,250.00,100,3.00,66.40
15971,183.63,250.00,100,3.00,66.37
16071,183.72,250.00,100,3.00,66.28
16171,183.89,250.00,100,3.00,66.11
16271,183.91,250.00,100,3.00,66.09
16371,184.01,250.00,100,3.00,65.99
16471,184.16,250.00,100,3.00,65.84
16571,184.33,250.00,100,3.00,65.67
16671,184.48,250.00,100,3.00,65.52
16771,184.62,250.00,100,3.00,65.38
16871,184.80,250.00,100,3.00,65.20
16971,184.85,250.00,100,3.00,65.15
17071,185.09,250.00,100,3.00,64.91
17171,185.25,250.00,100,3.00,64.75
17271,185.33,250.00,100,3.00,64.67
17371,185.44,250.00,100,3.00,64.56
17471,185.56,250.00,100,3.00,64.44
17571,185.61,250.00,100,3.00,64.39
17671,185.71,250.00,100,3.00,64.29
17771,185.93,250.00,100,3.00,64.07
17871,185.98,250.00,100,3.00,64.02
17971,186.17,250.00,100,3.00,63.83
18071,186.30,250.00,100,3.00,63.70
18171,186.48,250.00,100,3.00,63.52
18271,186.71,250.00,100,3.00,63.29
18371,186.87,250.00,100,3.00,63.13
18471,187.05,250.00,100,3.00,62.95
18571,187.24,250.00,100,3.00,62.76
18671,187.33,250.00,100,3.00,62.67
18771,187.51,250.00,100,3.00,62.49
18871,187.70,250.00,100,3.00,62.30
18971,187.86,250.00,100,3.00,62.14
19071,188.06,250.00,100,3.00,61.94
19171,188.25,250.00,100,3.00,61.75
19271,188.48,250.00,100,3.00,61.52
19371,188.59,250.00,100,3.00,61.41
19471,188.71,250.00,100,3.00,61.29
19571,188.84,250.00,100,3.00,61.16
19671,188.94,250.00,100,3.00,61.06
19771,189.07,250.00,100,3.00,60.93
19871,189.30,250.00,100,3.00,60.70
19971,189.46,250.00,100,3.00,60.54
20071,189.63,250.00,100,3.00,60.37
20171,189.83,250.00,100,3.00,60.17
20271,189.93,250.00,100,3.00,60.07
20371,190.15,250.00,100,3.00,59.85
20471,190.20,250.00,100,3.00,59.80
20571,190.39,250.00,100,3.00,59.61
20671,190.46,250.00,100,3.00,59.54
20771,190.64,250.00,100,3.00,59.36
20871,190.83,250.00,100,3.00,59.17
20971,191.03,250.00,100,3.00,58.97
21071,191.18,250.00,100,3.00,58.82
21171,191.29,250.00,100,3.00,58.71
21271,191.46,250.00,100,3.00,58.54
21371,191.56,250.00,100,3.00,58.44
21471,191.73,250.00,100,3.00,58.27
21571,191.91,250.00,100,3.00,58.09
21671,192.01,250.00,100,3.00,57.99
21771,192.26,250.00,100,3.00,57.74
21871,192.43,250.00,100,3.00,57.57
21971,192.68,250.00,100,3.00,57.32
22071,192.76,250.00,100,3.00,57.24
22171,192.95,250.00,100,3.00,57.05
22271,193.05,250.00,100,3.00,56.95
22371,193.22,250.00,100,3.00,56.78
22471,193.51,250.00,100,3.00,56.49
22571,193.71,250.00,100,3.00,56.29
22671,193.83,250.00,100,3.00,56.17
22771,193.94,250.00,100,3.00,56.06
22871,194.14,250.00,100,3.00,55.86
22971,194.37,250.00,100,3.00,55.63
23071,194.69,250.00,100,3.00,55.31
23171,194.94,250.00,100,3.00,55.06
23271,195.10,250.00,100,3.00,54.90
23371,195.36,250.00,100,3.00,54.64
23471,195.63,250.00,100,3.00,54.37
23571,195.90,250.00,100,3.00,54.10
23671,196.01,250.00,100,3.00,53.99
23771,196.21,250.00,100,3.00,53.79
23871,196.45,250.00,100,3.00,53.55
23971,196.58,250.00,100,3.00,53.42
24071,196.76,250.00,100,3.00,53.24
24171,197.02,250.00,100,3.00,52.98
24271,197.18,250.00,100,3.00,52.82
24371,197.40,250.00,100,3.00,52.60
24471,197.50,250.00,100,3.00,52.50
24571,197.66,250.00,100,3.00,52.34
24671,197.98,250.00,100,3.00,52.02
24771,198.09,250.00,100,3.00,51.91
24871,198.25,250.00,100,3.00,51.75
24971,198.46,250.00,100,3.00,51.54
25071,198.67,250.00,100,3.00,51.33
25171,198.97,250.00,100,3.00,51.03
25271,199.19,250.00,100,3.00,50.81
25371,199.27,250.00,100,3.00,50.73
25471,199.48,250.00,100,3.00,50.52
25571,199.56,250.00,100,3.00,50.44
25671,199.83,250.00,100,3.00,50.17
25771,199.93,250.00,100,3.00,50.07
25871,200.20,250.00,100,3.00,49.80
25971,200.29,250.00,100,3.00,49.71
26071,200.44,250.00,100,3.00,49.56
26171,200.74,250.00,100,3.00,49.26
26271,200.87,250.00,100,3.00,49.13
26371,201.08,250.00,100,3.00,48.92
26471,201.17,250.00,100,3.00,48.83
26571,201.34,250.00,100,3.00,48.66
26671,201.62,250.00,100,3.00,48.38
26771,201.81,250.00,100,3.00,48.19
26871,201.92,250.00,100,3.00,48.08
26971,202.11,250.00,100,3.00,47.89
27071,202.38,250.00,100,3.00,47.62
27171,202.65,250.00,100,3.00,47.35
27271,202.99,250.00,100,3.00,47.01
27371,203.30,250.00,100,3.00,46.70
27471,203.39,250.00,100,3.00,46.61
27571,203.65,250.00,100,3.00,46.35
27671,203.86,250.00,100,3.00,46.14
27771,204.05,250.00,100,3.00,45.95
27871,204.19,250.00,100,3.00,45.81
27971,204.51,250.00,100,3.00,45.49
28071,204.63,250.00,100,3.00,45.37
28171,204.88,250.00,100,3.00,45.12
28271,205.20,250.00,100,3.00,44.80
28371,205.29,250.00,100,3.00,44.71
28471,205.53,250.00,100,3.00,44.47
28571,205.69,250.00,100,3.00,44.31
28671,205.86,250.00,100,3.00,44.14
28771,206.08,250.00,100,3.00,43.92
28871,206.15,250.00,100,3.00,43.85
28971,206.34,250.00,100,3.00,43.66
29071,206.59,250.00,100,3.00,43.41
29171,206.84,250.00,100,3.00,43.16
29271,207.14,250.00,100,3.00,42.86
29371,207.52,250.00,100,3.00,42.48
29471,207.72,250.00,100,3.00,42.28
29571,207.83,250.00,100,3.00,42.17
29671,208.14,250.00,100,3.00,41.86
29771,208.24,250.00,100,3.00,41.76
29871,208.47,250.00,100,3.00,41.53
29971,208.54,250.00,100,3.00,41.46
30071,208.64,250.00,100,3.00,41.36
30171,208.79,250.00,100,3.00,41.21
30271,209.05,250.00,100,3.00,40.95
30371,209.31,250.00,100,3.00,40.69
30471,209.40,250.00,100,3.00,40.60
30571,209.75,250.00,100,3.00,40.25
30671,209.94,250.00,100,3.00,40.06
30771,210.16,250.00,100,3.00,39.84
30871,210.54,250.00,100,3.00,39.46
30971,210.77,250.00,100,3.00,39.23
31071,210.94,250.00,100,3.00,39.06
31171,211.17,250.00,100,3.00,38.83
31271,211.34,250.00,100,3.00,38.66
31371,211.65,250.00,100,3.00,38.35
31471,211.88,250.00,100,3.00,38.12
31571,212.10,250.00,100,3.00,37.90
31671,212.21,250.00,100,3.00,37.79
31771,212.51,250.00,100,3.00,37.49
31871,212.87,250.00,100,3.00,37.13
31971,213.23,250.00,100,3.00,36.77
32071,213.47,250.00,100,3.00,36.53
32171,213.49,250.00,100,3.00,36.51
32271,213.62,250.00,100,3.00,36.38
32371,213.87,250.00,100,3.00,36.13
32471,214.21,250.00,100,3.00,35.79
32571,214.24,250.00,100,3.00,35.76
32671,214.46,250.00,100,3.00,35.54
32771,214.62,250.00,100,3.00,35.38
32871,214.85,250.00,100,3.00,35.15
32971,215.14,250.00,100,3.00,34.86
33071,215.24,250.00,100,3.00,34.76
33171,215.45,250.00,100,3.00,34.55
33271,215.68,250.00,100,3.00,34.32
33371,215.93,250.00,100,3.00,34.07
33471,216.29,250.00,100,3.00,33.71
33571,216.58,250.00,100,3.00,33.42
33671,216.74,250.00,100,3.00,33.26
33771,217.07,250.00,100,3.00,32.93
33871,217.41,250.00,100,3.00,32.59
33971,217.67,250.00,100,3.00,32.33
34071,218.04,250.00,100,3.00,31.96
34171,218.29,250.00,100,3.00,31.71
34271,218.65,250.00,100,3.00,31.35
34371,218.74,250.00,100,3.00,31.26
34471,218.87,250.00,100,3.00,31.13
34571,219.22,250.00,100,3.00,30.78
34671,219.25,250.00,100,3.00,30.75
34771,219.47,250.00,100,3.00,30.53
34871,219.52,250.00,100,3.00,30.48
34971,219.66,250.00,100,3.00,30.34
35071,219.89,250.00,100,3.00,30.11
35171,219.95,250.00,100,3.00,30.05
35271,220.29,250.00,100,3.00,29.71
35371,220.55,250.00,100,3.00,29.45
35471,221.03,250.00,100,3.00,28.97
35571,221.47,250.00,100,3.00,28.53
35671,221.81,250.00,100,3.00,28.19
35771,222.07,250.00,100,3.00,27.93
35871,222.19,250.00,100,3.00,27.81
35971,222.57,250.00,100,3.00,27.43
36071,222.70,250.00,100,3.00,27.30
36171,223.02,250.00,100,3.00,26.98
36271,223.31,250.00,100,3.00,26.69
36371,223.73,250.00,100,3.00,26.27
36471,223.85,250.00,100,3.00,26.15
36571,224.11,250.00,100,3.00,25.89
36671,224.56,250.00,100,3.00,25.44
36771,224.59,250.00,100,3.00,25.41
36871,224.94,250.00,100,3.00,25.06
36971,225.10,250.00,100,3.00,24.90
37071,225.29,250.00,100,3.00,24.71
37171,225.57,250.00,100,3.00,24.43
37271,225.82,250.00,100,3.00,24.18
37371,226.05,250.00,100,3.00,23.95
37471,226.31,250.00,100,3.00,23.69
37571,226.43,250.00,100,3.00,23.57
37671,226.77,250.00,100,3.00,23.23
37771,227.13,250.00,100,3.00,22.87
37871,227.33,250.00,100,3.00,22.67
37971,227.70,250.00,100,3.00,22.30
38071,228.02,250.00,100,3.00,21.98
38171,228.26,250.00,100,3.00,21.74
38271,228.41,250.00,100,3.00,21.59
38371,228.67,250.00,100,3.00,21.33
38471,229.08,250.00,92,3.00,20.92
38571,229.39,250.00,100,3.00,20.61
38671,229.60,250.00,100,3.00,20.40
38771,229.98,250.00,100,3.00,20.02
38871,230.39,250.00,63,3.00,19.61
38971,230.63,250.00,100,3.00,19.37
39071,230.66,250.00,100,3.00,19.34
39171,230.93,250.00,100,3.00,19.07
39271,231.12,250.00,100,3.00,18.88
39371,231.35,250.00,100,3.00,18.65
39471,231.43,250.00,100,3.00,18.57
39571,231.75,250.00,100,3.00,18.25
39671,232.05,250.00,100,3.00,17.95
39771,232.44,250.00,19,3.00,17.56
39871,232.41,250.00,100,3.00,17.59
39971,232.64,250.00,100,3.00,17.36
40071,233.04,250.00,0,3.00,16.96
40171,233.40,250.00,30,3.00,16.60
40271,233.79,250.00,0,3.00,16.21
40371,234.43,250.00,0,3.00,15.57
40471,234.79,250.00,0,3.00,15.21
40571,235.48,250.00,0,3.00,14.52
40671,235.80,250.00,17,3.00,14.20
40771,235.75,250.00,100,3.00,14.25
40871,236.20,250.00,0,3.00,13.80
40971,236.82,250.00,0,3.00,13.18
41071,237.23,250.00,0,3.00,12.77
41171,237.45,250.00,100,3.00,12.55
41271,237.51,250.00,100,3.00,12.49
41371,237.92,250.00,0,3.00,12.08
41471,238.37,250.00,0,3.00,11.63
41571,238.85,250.00,0,3.00,11.15
41671,239.21,250.00,0,3.00,10.79
41771,239.68,250.00,0,3.00,10.32
41871,239.96,250.00,14,3.00,10.04
41971,239.69,250.00,100,3.00,10.31
42071,239.74,250.00,100,3.00,10.26
42171,240.01,250.00,30,3.00,9.99
42271,240.02,250.00,100,3.00,9.98
42371,240.19,250.00,100,3.00,9.81
42471,240.26,250.00,100,3.00,9.74
42571,240.18,250.00,100,3.00,9.82
42671,240.10,250.00,100,3.00,9.90
42771,240.18,250.00,100,3.00,9.82
42871,240.48,250.00,1,3.00,9.52
42971,241.25,250.00,0,3.00,8.75
43071,241.94,250.00,0,3.00,8.06
43171,242.47,250.00,0,3.00,7.53
43271,242.95,250.00,0,3.00,7.05
43371,243.47,250.00,0,3.00,6.53
43471,243.94,250.00,0,3.00,6.06
43571,244.27,250.00,0,3.00,5.73
43671,244.27,250.00,100,3.00,5.73
43771,244.49,250.00,0,3.00,5.51
43871,244.49,250.00,100,3.00,5.51
43971,244.68,250.00,16,3.00,5.32
44071,244.68,250.00,100,3.00,5.32
44171,244.94,250.00,0,3.00,5.06
44271,244.94,250.00,100,3.00,5.06
44371,245.09,250.00,59,3.00,4.91
44471,245.09,250.00,100,3.00,4.91
44571,245.31,250.00,0,3.00,4.69
44671,245.31,250.00,100,3.00,4.69
44771,245.25,250.00,100,3.00,4.75
44871,245.37,250.00,88,3.00,4.63
44971,245.37,250.00,100,3.00,4.63
45071,245.37,250.00,100,3.00,4.63
45171,245.37,250.00,100,3.00,4.63
45271,245.37,250.00,100,3.00,4.63
45371,245.65,250.00,0,3.00,4.35
45471,245.65,250.00,100,3.00,4.35
45571,245.65,250.00,100,3.00,4.35
45671,245.72,250.00,100,3.00,4.28
45771,245.72,250.00,100,3.00,4.28
45871,245.72,250.00,100,3.00,4.28
45971,245.88,250.00,29,3.00,4.12
46071,245.88,250.00,100,3.00,4.12
46171,245.88,250.00,100,3.00,4.12
46271,245.88,250.00,100,3.00,4.12
46371,245.88,250.00,100,3.00,4.12
46471,245.88,250.00,100,3.00,4.12
46571,245.88,250.00,100,3.00,4.12
46671,245.88,250.00,100,3.00,4.12
46771,245.88,250.00,100,3.00,4.12
46871,245.88,250.00,100,3.00,4.12
46971,245.88,250.00,100,3.00,4.12
47071,245.88,250.00,100,3.00,4.12
47171,245.88,250.00,100,3.00,4.12
47271,245.88,250.00,100,3.00,4.12
47371,245.88,250.00,100,3.00,4.12
47471,245.88,250.00,100,3.00,4.12
47571,245.88,250.00,100,3.00,4.12
47671,245.88,250.00,100,3.00,4.12
47771,245.88,250.00,100,3.00,4.12
47871,245.88,250.00,100,3.00,4.12
47971,245.88,250.00,100,3.00,4.12
48071,245.88,250.00,100,3.00,4.12
48171,245.88,250.00,100,3.00,4.12
48271,245.88,250.00,100,3.00,4.12
48371,245.88,250.00,100,3.00,4.12
48471,245.88,250.00,100,3.00,4.12
48571,245.88,250.00,100,3.00,4.12
48671,245.88,250.00,100,3.00,4.12
48771,245.88,250.00,100,3.00,4.12
48871,245.88,250.00,100,3.00,4.12
48971,245.88,250.00,100,3.00,4.12
49071,245.88,250.00,100,3.00,4.12
49171,245.88,250.00,100,3.00,4.12
49271,245.88,250.00,100,3.00,4.12
49371,245.88,250.00,100,3.00,4.12
49471,245.88,250.00,100,3.00,4.12
49571,245.88,250.00,100,3.00,4.12
49671,245.88,250.00,100,3.00,4.12
49771,245.88,250.00,100,3.00,4.12
49871,245.88,250.00,100,3.00,4.12
49971,245.88,250.00,100,3.00,4.12
50071,245.88,250.00,100,3.00,4.12
50171,245.88,250.00,100,3.00,4.12
50271,245.88,250.00,100,3.00,4.12
50371,245.88,250.00,100,3.00,4.12
50471,245.88,250.00,100,3.00,4.12
50571,245.88,250.00,100,3.00,4.12
50671,245.88,250.00,100,3.00,4.12
50771,245.88,250.00,100,3.00,4.12
50871,245.88,250.00,100,3.00,4.12
50971,245.88,250.00,100,3.00,4.12
51071,245.88,250.00,100,3.00,4.12
51171,245.88,250.00,100,3.00,4.12
51271,245.88,250.00,100,3.00,4.12
51371,245.88,250.00,100,3.00,4.12
51471,245.88,250.00,100,3.00,4.12
51571,245.88,250.00,100,3.00,4.12
51671,245.88,250.00,100,3.00,4.12
51771,245.88,250.00,100,3.00,4.12
51871,245.88,250.00,100,3.00,4.12
51971,245.88,250.00,100,3.00,4.12
52071,245.88,250.00,100,3.00,4.12
52171,245.88,250.00,100,3.00,4.12
52271,245.88,250.00,100,3.00,4.12
52371,245.88,250.00,100,3.00,4.12
52471,245.88,250.00,100,3.00,4.12
52571,245.88,250.00,100,3.00,4.12
52671,245.88,250.00,100,3.00,4.12
52771,245.88,250.00,100,3.00,4.12
52871,245.88,250.00,100,3.00,4.12
52971,245.88,250.00,100,3.00,4.12
53071,245.88,250.00,100,3.00,4.12
53171,245.88,250.00,100,3.00,4.12
53271,245.88,250.00,100,3.00,4.12
53371,245.88,250.00,100,3.00,4.12
53471,245.88,250.00,100,3.00,4.12
53571,245.88,250.00,100,3.00,4.12
53671,245.88,250.00,100,3.00,4.12
53771,245.88,250.00,100,3.00,4.12
53871,245.88,250.00,100,3.00,4.12
53971,245.88,250.00,100,3.00,4.12
54071,245.88,250.00,100,3.00,4.12
54171,245.88,250.00,100,3.00,4.12
54271,245.88,250.00,100,3.00,4.12
54371,245.88,250.00,100,3.00,4.12
54471,245.88,250.00,100,3.00,4.12
54571,245.88,250.00,100,3.00,4.12
54671,245.88,250.00,100,3.00,4.12
54771,245.88,250.00,100,3.00,4.12
54871,245.88,250.00,100,3.00,4.12
54971,245.88,250.00,100,3.00,4.12
55071,245.88,250.00,100,3.00,4.12
55171,245.88,250.00,100,3.00,4.12
55271,245.88,250.00,100,3.00,4.12
55371,245.88,250.00,100,3.00,4.12
55471,245.88,250.00,100,3.00,4.12
55571,245.88,250.00,100,3.00,4.12
55671,245.88,250.00,100,3.00,4.12
55771,245.88,250.00,100,3.00,4.12
55871,245.88,250.00,100,3.00,4.12
55971,245.88,250.00,100,3.00,4.12
56071,245.88,250.00,100,3.00,4.12
56171,245.88,250.00,100,3.00,4.12
56271,245.88,250.00,100,3.00,4.12
56371,245.88,250.00,100,3.00,4.12
56471,245.88,250.00,100,3.00,4.12
56571,245.88,250.00,100,3.00,4.12
56671,245.88,250.00,100,3.00,4.12
56771,245.88,250.00,100,3.00,4.12
56871,245.88,250.00,100,3.00,4.12
56971,245.88,250.00,100,3.00,4.12
57071,245.88,250.00,100,3.00,4.12
57171,245.88,250.00,100,3.00,4.12
57271,245.88,250.00,100,3.00,4.12
57371,245.88,250.00,100,3.00,4.12
57471,245.88,250.00,100,3.00,4.12
57571,245.88,250.00,100,3.00,4.12
57671,245.88,250.00,100,3.00,4.12
57771,245.88,250.00,100,3.00,4.12
57871,245.88,250.00,100,3.00,4.12
57971,245.88,250.00,100,3.00,4.12
58071,245.88,250.00,100,3.00,4.12
58171,245.88,250.00,100,3.00,4.12
58271,245.88,250.00,100,3.00,4.12
58371,245.88,250.00,100,3.00,4.12
58471,245.88,250.00,100,3.00,4.12
58571,245.88,250.00,100,3.00,4.12
58671,245.88,250.00,100,3.00,4.12
58771,245.88,250.00,100,3.00,4.12
58871,245.88,250.00,100,3.00,4.12
58971,245.88,250.00,100,3.00,4.12
59071,245.88,250.00,100,3.00,4.12
59171,245.88,250.00,100,3.00,4.12
59271,245.88,250.00,100,3.00,4.12
59371,245.88,250.00,100,3.00,4.12
59471,245.88,250.00,100,3.00,4.12
59571,245.88,250.00,100,3.00,4.12
59671,245.88,250.00,100,3.00,4.12
59771,245.88,250.00,100,3.00,4.12
59871,245.88,250.00,100,3.00,4.12
59971,245.88,250.00,100,3.00,4.12
60071,245.88,250.00,100,3.00,4.12
60171,245.88,250.00,100,3.00,4.12
60271,245.88,250.00,100,3.00,4.12
60371,245.88,250.00,100,3.00,4.12
60471,245.88,250.00,100,3.00,4.12
60571,245.88,250.00,100,3.00,4.12
60671,245.88,250.00,100,3.00,4.12
60771,245.88,250.00,100,3.00,4.12
60871,245.88,250.00,100,3.00,4.12
60971,245.88,250.00,100,3.00,4.12
61071,245.88,250.00,100,3.00,4.12
61171,245.88,250.00,100,3.00,4.12
61271,245.88,250.00,100,3.00,4.12
61371,245.88,250.00,100,3.00,4.12
61471,245.88,250.00,100,3.00,4.12
61571,245.88,250.00,100,3.00,4.12
61671,245.88,250.00,100,3.00,4.12
61771,245.88,250.00,100,3.00,4.12
61871,245.88,250.00,100,3.00,4.12
61971,245.88,250.00,100,3.00,4.12
62071,245.88,250.00,100,3.00,4.12
62171,245.88,250.00,100,3.00,4.12
62271,245.88,250.00,100,3.00,4.12
62371,245.88,250.00,100,3.00,4.12
62471,245.88,250.00,100,3.00,4.12
62571,245.88,250.00,100,3.00,4.12
62671,245.88,250.00,100,3.00,4.12
62771,245.88,250.00,100,3.00,4.12
62871,245.88,250.00,100,3.00,4.12
62971,245.88,250.00,100,3.00,4.12
63071,245.88,250.00,100,3.00,4.12
63171,245.88,250.00,100,3.00,4.12
63271,245.88,250.00,100,3.00,4.12
63371,245.88,250.00,100,3.00,4.12
63471,245.88,250.00,100,3.00,4.12
63571,245.88,250.00,100,3.00,4.12
63671,245.88,250.00,100,3.00,4.12
63771,245.88,250.00,100,3.00,4.12
63871,245.88,250.00,100,3.00,4.12
63971,245.88,250.00,100,3.00,4.12
64071,245.88,250.00,100,3.00,4.12
64171,245.88,250.00,100,3.00,4.12
64271,245.88,250.00,100,3.00,4.12
64371,245.88,250.00,100,3.00,4.12
64471,245.88,250.00,100,3.00,4.12
64571,245.88,250.00,100,3.00,4.12
64671,245.88,250.00,100,3.00,4.12
64771,245.88,250.00,100,3.00,4.12
64871,245.88,250.00,100,3.00,4.12
64971,245.88,250.00,100,3.00,4.12
65071,245.88,250.00,100,3.00,4.12
65171,245.88,250.00,100,3.00,4.12
65271,245.88,250.00,100,3.00,4.12
65371,245.88,250.00,100,3.00,4.12
65471,245.88,250.00,100,3.00,4.12
65571,245.88,250.00,100,3.00,4.12
65671,245.88,250.00,100,3.00,4.12
65771,245.88,250.00,100,3.00,4.12
65871,245.88,250.00,100,3.00,4.12
65971,245.88,250.00,100,3.00,4.12
66071,245.88,250.00,100,3.00,4.12
66171,245.88,250.00,100,3.00,4.12
66271,245.88,250.00,100,3.00,4.12
66371,245.88,250.00,100,3.00,4.12
66471,245.88,250.00,100,3.00,4.12
66571,245.88,250.00,100,3.00,4.12
66671,245.88,250.00,100,3.00,4.12
66771,245.88,250.00,100,3.00,4.12
66871,245.88,250.00,100,3.00,4.12
66971,245.88,250.00,100,3.00,4.12
67071,245.88,250.00,100,3.00,4.12
67171,245.88,250.00,100,3.00,4.12
67271,245.88,250.00,100,3.00,4.12
67371,245.88,250.00,100,3.00,4.12
67471,245.88,250.00,100,3.00,4.12
67571,245.88,250.00,100,3.00,4.12
67671,245.88,250.00,100,3.00,4.12
67771,245.88,250.00,100,3.00,4.12
67871,245.88,250.00,100,3.00,4.12
67971,245.88,250.00,100,3.00,4.12
68071,245.88,250.00,100,3.00,4.12
68171,245.88,250.00,100,3.00,4.12
68271,245.88,250.00,100,3.00,4.12
68371,245.88,250.00,100,3.00,4.12
68471,245.88,250.00,100,3.00,4.12
68571,245.88,250.00,100,3.00,4.12
68671,245.88,250.00,100,3.00,4.12
68771,245.88,250.00,100,3.00,4.12
68871,245.88,250.00,100,3.00,4.12
68971,245.88,250.00,100,3.00,4.12
69071,245.88,250.00,100,3.00,4.12
69171,245.88,250.00,100,3.00,4.12
69271,245.88,250.00,100,3.00,4.12
69371,245.88,250.00,100,3.00,4.12
69471,245.88,250.00,100,3.00,4.12
69571,245.88,250.00,100,3.00,4.12
69671,245.88,250.00,100,3.00,4.12
69771,245.88,250.00,100,3.00,4.12
69871,245.88,250.00,100,3.00,4.12
69971,245.88,250.00,100,3.00,4.12
70071,245.88,250.00,100,3.00,4.12
70171,245.88,250.00,100,3.00,4.12
70271,245.88,250.00,100,3.00,4.12
70371,245.88,250.00,100,3.00,4.12
70471,245.88,250.00,100,3.00,4.12
70571,245.88,250.00,100,3.00,4.12
70671,245.88,250.00,100,3.00,4.12
70771,245.88,250.00,100,3.00,4.12
70871,245.88,250.00,100,3.00,4.12
70971,245.88,250.00,100,3.00,4.12
71071,245.88,250.00,100,3.00,4.12
71171,245.88,250.00,100,3.00,4.12
71271,245.88,250.00,100,3.00,4.12
71371,245.88,250.00,100,3.00,4.12
71471,245.88,250.00,100,3.00,4.12
71571,245.88,250.00,100,3.00,4.12
71671,245.88,250.00,100,3.00,4.12
71771,245.88,250.00,100,3.00,4.12
71871,245.88,250.00,100,3.00,4.12
71971,245.88,250.00,100,3.00,4.12
72071,245.88,250.00,100,3.00,4.12
72171,245.88,250.00,100,3.00,4.12
72271,245.88,250.00,100,3.00,4.12
72371,245.88,250.00,100,3.00,4.12
72471,245.88,250.00,100,3.00,4.12
72571,245.88,250.00,100,3.00,4.12
72671,245.88,250.00,100,3.00,4.12
72771,245.88,250.00,100,3.00,4.12
72871,245.88,250.00,100,3.00,4.12
72971,245.88,250.00,100,3.00,4.12
73071,245.88,250.00,100,3.00,4.12
73171,245.88,250.00,100,3.00,4.12
73271,245.88,250.00,100,3.00,4.12
73371,245.88,250.00,100,3.00,4.12
73471,245.88,250.00,100,3.00,4.12
73571,245.88,250.00,100,3.00,4.12
73671,245.88,250.00,100,3.00,4.12
73771,245.88,250.00,100,3.00,4.12
73871,245.88,250.00,100,3.00,4.12
73971,245.88,250.00,100,3.00,4.12
74071,245.88,250.00,100,3.00,4.12
74171,245.88,250.00,100,3.00,4.12
74271,245.88,250.00,100,3.00,4.12
74371,245.88,250.00,100,3.00,4.12
74471,245.88,250.00,100,3.00,4.12
74571,245.88,250.00,100,3.00,4.12
74671,245.88,250.00,100,3.00,4.12
74771,245.88,250.00,100,3.00,4.12
74871,245.88,250.00,100,3.00,4.12
74971,245.88,250.00,100,3.00,4.12
75071,245.88,250.00,100,3.00,4.12
75171,245.88,250.00,100,3.00,4.12
75271,245.88,250.00,100,3.00,4.12
75371,245.88,250.00,100,3.00,4.12
75471,245.88,250.00,100,3.00,4.12
75571,245.88,250.00,100,3.00,4.12
75671,245.88,250.00,100,3.00,4.12
75771,245.88,250.00,100,3.00,4.12
75871,245.88,250.00,100,3.00,4.12
75971,245.88,250.00,100,3.00,4.12
76071,245.88,250.00,100,3.00,4.12
76171,245.88,250.00,100,3.00,4.12
76271,245.88,250.00,100,3.00,4.12
76371,245.88,250.00,100,3.00,4.12
76471,245.88,250.00,100,3.00,4.12
76571,245.88,250.00,100,3.00,4.12
76671,245.88,250.00,100,3.00,4.12
76771,245.88,250.00,100,3.00,4.12
76871,245.88,250.00,100,3.00,4.12
76971,245.88,250.00,100,3.00,4.12
77071,245.88,250.00,100,3.00,4.12
77171,245.88,250.00,100,3.00,4.12
77271,245.88,250.00,100,3.00,4.12
77371,245.88,250.00,100,3.00,4.12
77471,245.88,250.00,100,3.00,4.12
77571,245.88,250.00,100,3.00,4.12
77671,245.88,250.00,100,3.00,4.12
77771,245.88,250.00,100,3.00,4.12
77871,245.88,250.00,100,3.00,4.12
77971,245.88,250.00,100,3.00,4.12
78071,245.88,250.00,100,3.00,4.12
78171,245.88,250.00,100,3.00,4.12
78271,245.88,250.00,100,3.00,4.12
78371,245.88,250.00,100,3.00,4.12
78471,245.88,250.00,100,3.00,4.12
78571,245.88,250.00,100,3.00,4.12
78671,245.88,250.00,100,3.00,4.12
78771,245.88,250.00,100,3.00,4.12
78871,245.88,250.00,100,3.00,4.12
78971,245.88,250.00,100,3.00,4.12
79071,245.88,250.00,100,3.00,4.12
79171,245.88,250.00,100,3.00,4.12
79271,245.88,250.00,100,3.00,4.12
79371,245.88,250.00,100,3.00,4.12
79471,245.88,250.00,100,3.00,4.12
79571,245.88,250.00,100,3.00,4.12
79671,245.88,250.00,100,3.00,4.12
79771,245.88,250.00,100,3.00,4.12
79871,245.88,250.00,100,3.00,4.12
79971,245.88,250.00,100,3.00,4.12
80071,245.88,250.00,100,3.00,4.12
80171,245.88,250.00,100,3.00,4.12
80271,245.88,250.00,100,3.00,4.12
80371,245.88,250.00,100,3.00,4.12
80471,245.88,250.00,100,3.00,4.12
80571,245.88,250.00,100,3.00,4.12
80671,245.88,250.00,100,3.00,4.12
80771,245.88,250.00,100,3.00,4.12
80871,245.88,250.00,100,3.00,4.12
80971,245.88,250.00,100,3.00,4.12
81071,245.88,250.00,100,3.00,4.12
81171,245.88,250.00,100,3.00,4.12
81271,245.88,250.00,100,3.00,4.12
81371,245.88,250.00,100,3.00,4.12
81471,245.88,250.00,100,3.00,4.12
81571,245.88,250.00,100,3.00,4.12
81671,245.88,250.00,100,3.00,4.12
81771,245.88,250.00,100,3.00,4.12
81871,245.88,250.00,100,3.00,4.12
81971,245.88,250.00,100,3.00,4.12
82071,245.88,250.00,100,3.00,4.12
82171,245.88,250.00,100,3.00,4.12
82271,245.88,250.00,100,3.00,4.12
82371,245.88,250.00,100,3.00,4.12
82471,245.88,250.00,100,3.00,4.12
82571,245.88,250.00,100,3.00,4.12
82671,245.88,250.00,100,3.00,4.12
82771,245.88,250.00,100,3.00,4.12
82871,245.88,250.00,100,3.00,4.12
82971,245.88,250.00,100,3.00,4.12
83071,245.88,250.00,100,3.00,4.12
83171,245.88,250.00,100,3.00,4.12
83271,245.88,250.00,100,3.00,4.12
83371,245.88,250.00,100,3.00,4.12
83471,245.88,250.00,100,3.00,4.12
83571,245.88,250.00,100,3.00,4.12
83671,245.88,250.00,100,3.00,4.12
83771,245.88,250.00,100,3.00,4.12
83871,245.88,250.00,100,3.00,4.12
83971,245.88,250.00,100,3.00,4.12
84071,245.88,250.00,100,3.00,4.12
84171,245.88,250.00,100,3.00,4.12
84271,245.88,250.00,100,3.00,4.12
84371,245.88,250.00,100,3.00,4.12
84471,245.88,250.00,100,3.00,4.12
84571,245.88,250.00,100,3.00,4.12
84671,245.88,250.00,100,3.00,4.12
84771,245.88,250.00,100,3.00,4.12
84871,245.88,250.00,100,3.00,4.12
84971,245.88,250.00,100,3.00,4.12
85071,245.88,250.00,100,3.00,4.12
85171,245.88,250.00,100,3.00,4.12
85271,245.88,250.00,100,3.00,4.12
85371,245.88,250.00,100,3.00,4.12
85471,245.88,250.00,100,3.00,4.12
85571,245.88,250.00,100,3.00,4.12
85671,245.88,250.00,100,3.00,4.12
85771,245.88,250.00,100,3.00,4.12
85871,245.88,250.00,100,3.00,4.12
85971,245.88,250.00,100,3.00,4.12
86071,245.88,250.00,100,3.00,4.12
86171,245.88,250.00,100,3.00,4.12
86271,245.88,250.00,100,3.00,4.12
86371,245.88,250.00,100,3.00,4.12
86471,245.88,250.00,100,3.00,4.12
86571,245.88,250.00,100,3.00,4.12
86671,245.88,250.00,100,3.00,4.12
86771,245.88,250.00,100,3.00,4.12
86871,245.88,250.00,100,3.00,4.12
86971,245.88,250.00,100,3.00,4.12
87071,245.88,250.00,100,3.00,4.12
87171,245.88,250.00,100,3.00,4.12
87271,245.88,250.00,100,3.00,4.12
87371,245.88,250.00,100,3.00,4.12
87471,245.88,250.00,100,3.00,4.12
87571,245.88,250.00,100,3.00,4.12
87671,245.88,250.00,100,3.00,4.12
87771,245.88,250.00,100,3.00,4.12
87871,245.88,250.00,100,3.00,4.12
87971,245.88,250.00,100,3.00,4.12
88071,245.88,250.00,100,3.00,4.12
88171,245.88,250.00,100,3.00,4.12
88271,245.88,250.00,100,3.00,4.12
88371,245.88,250.00,100,3.00,4.12
88471,245.88,250.00,100,3.00,4.12
88571,245.88,250.00,100,3.00,4.12
88671,245.88,250.00,100,3.00,4.12
88771,245.88,250.00,100,3.00,4.12
88871,245.88,250.00,100,3.00,4.12
88971,245.88,250.00,100,3.00,4.12
89071,245.88,250.00,100,3.00,4.12
89171,245.88,250.00,100,3.00,4.12
89271,245.88,250.00,100,3.00,4.12
89371,245.88,250.00,100,3.00,4.12
89471,245.88,250.00,100,3.00,4.12
89571,245.88,250.00,100,3.00,4.12
89671,245.88,250.00,100,3.00,4.12
89771,245.88,250.00,100,3.00,4.12
89871,245.88,250.00,100,3.00,4.12
89971,245.88,250.00,100,3.00,4.12
90071,245.88,250.00,100,3.00,4.12
90171,245.88,250.00,100,3.00,4.12
90271,245.88,250.00,100,3.00,4.12
90371,245.88,250.00,100,3.00,4.12
90471,245.88,250.00,100,3.00,4.12
90571,245.88,250.00,100,3.00,4.12
90671,245.88,250.00,100,3.00,4.12
90771,245.88,250.00,100,3.00,4.12
90871,245.88,250.00,100,3.00,4.12
90971,245.88,250.00,100,3.00,4.12
91071,245.88,250.00,100,3.00,4.12
91171,245.88,250.00,100,3.00,4.12
91271,245.88,250.00,100,3.00,4.12
91371,245.88,250.00,100,3.00,4.12
91471,245.88,250.00,100,3.00,4.12
91571,245.88,250.00,100,3.00,4.12
91671,245.88,250.00,100,3.00,4.12
91771,245.88,250.00,100,3.00,4.12
91871,245.88,250.00,100,3.00,4.12
91971,245.88,250.00,100,3.00,4.12
92071,245.88,250.00,100,3.00,4.12
92171,245.88,250.00,100,3.00,4.12
92271,245.88,250.00,100,3.00,4.12
92371,245.88,250.00,100,3.00,4.12
92471,245.88,250.00,100,3.00,4.12
92571,245.88,250.00,100,3.00,4.12
92671,245.88,250.00,100,3.00,4.12
92771,245.88,250.00,100,3.00,4.12
92871,245.88,250.00,100,3.00,4.12
92971,245.88,250.00,100,3.00,4.12
93071,245.88,250.00,100,3.00,4.12
93171,245.88,250.00,100,3.00,4.12
93271,245.88,250.00,100,3.00,4.12
93371,245.88,250.00,100,3.00,4.12
93471,245.88,250.00,100,3.00,4.12
93571,245.88,250.00,100,3.00,4.12
93671,245.88,250.00,100,3.00,4.12
93771,245.88,250.00,100,3.00,4.12
93871,245.88,250.00,100,3.00,4.12
93971,245.88,250.00,100,3.00,4.12
94071,245.88,250.00,100,3.00,4.12
94171,245.88,250.00,100,3.00,4.12
94271,245.88,250.00,100,3.00,4.12
94371,245.88,250.00,100,3.00,4.12
94471,245.88,250.00,100,3.00,4.12
94571,245.88,250.00,100,3.00,4.12
94671,245.88,250.00,100,3.00,4.12
94771,245.88,250.00,100,3.00,4.12
94871,245.88,250.00,100,3.00,4.12
94971,245.88,250.00,100,3.00,4.12
95071,245.88,250.00,100,3.00,4.12
95171,245.88,250.00,100,3.00,4.12
95271,245.88,250.00,100,3.00,4.12
95371,245.88,250.00,100,3.00,4.12
95471,245.88,250.00,100,3.00,4.12
95571,245.88,250.00,100,3.00,4.12
95671,245.88,250.00,100,3.00,4.12
95771,245.88,250.00,100,3.00,4.12
96369,245.88,250.00,100,3.00,4.12
97046,245.88,250.00,100,3.00,4.12
97723,245.88,250.00,100,3.00,4.12
98400,245.88,250.00,100,3.00,4.12
99077,245.88,250.00,100,3.00,4.12
99754,245.88,250.00,100,3.00,4.12
100431,245.88,250.00,100,3.00,4.12
101108,245.88,250.00,100,3.00,4.12
101785,245.88,250.00,100,3.00,4.12
102462,245.88,250.00,100,3.00,4.12
103139,245.88,250.00,100,3.00,4.12
103816,245.88,250.00,100,3.00,4.12
104493,245.88,250.00,100,3.00,4.12
105170,245.88,250.00,100,3.00,4.12
105847,245.88,250.00,100,3.00,4.12
106524,245.88,250.00,100,3.00,4.12
107201,245.88,250.00,100,3.00,4.12
107878,245.88,250.00,100,3.00,4.12
108555,245.88,250.00,100,3.00,4.12
109232,245.88,250.00,100,3.00,4.12
109909,245.88,250.00,100,3.00,4.12
110586,245.88,250.00,100,3.00,4.12
111263,245.88,250.00,100,3.00,4.12
111940,245.88,250.00,100,3.00,4.12
112617,245.88,250.00,100,3.00,4.12
113294,245.88,250.00,100,3.00,4.12
113971,245.88,250.00,100,3.00,4.12
114648,245.88,250.00,100,3.00,4.12
115325,245.88,250.00,100,3.00,4.12
116002,245.88,250.00,100,3.00,4.12
116679,245.88,250.00,100,3.00,4.12
117356,245.88,250.00,100,3.00,4.12
118033,245.88,250.00,100,3.00,4.12
118710,245.88,250.00,100,3.00,4.12
119387,245.88,250.00,100,3.00,4.12
120064,245.88,250.00,100,3.00,4.12
2172,220.13,250.00,100,3.00,29.87
2271,219.91,250.00,100,3.00,30.09
2371,219.94,250.00,100,3.00,30.06
2471,220.00,250.00,100,3.00,30.00
2571,219.84,250.00,100,3.00,30.16
2671,219.57,250.00,100,3.00,30.43
2771,219.45,250.00,100,3.00,30.55
2871,219.21,250.00,100,3.00,30.79
2971,219.09,250.00,100,3.00,30.91
3071,219.10,250.00,100,3.00,30.90
3171,218.82,250.00,100,3.00,31.18
3271,218.65,250.00,100,3.00,31.35
3371,218.38,250.00,100,3.00,31.62
3471,218.13,250.00,100,3.00,31.87
3571,218.11,250.00,100,3.00,31.89
3671,218.14,250.00,100,3.00,31.86
3771,217.91,250.00,100,3.00,32.09
3871,217.79,250.00,100,3.00,32.21
3971,217.64,250.00,100,3.00,32.36
4071,217.42,250.00,100,3.00,32.58
4171,217.27,250.00,100,3.00,32.73
4271,217.13,250.00,100,3.00,32.87
4371,217.05,250.00,100,3.00,32.95
4471,216.89,250.00,100,3.00,33.11
4571,216.63,250.00,100,3.00,33.37
4671,216.44,250.00,100,3.00,33.56
4771,216.26,250.00,100,3.00,33.74
4871,215.95,250.00,100,3.00,34.05
4971,215.71,250.00,100,3.00,34.29
5071,215.53,250.00,100,3.00,34.47
5171,215.37,250.00,100,3.00,34.63
5271,215.34,250.00,100,3.00,34.66
5371,215.20,250.00,100,3.00,34.80
5471,214.95,250.00,100,3.00,35.05
5571,214.70,250.00,100,3.00,35.30
5671,214.50,250.00,100,3.00,35.50
5771,214.37,250.00,100,3.00,35.63
5871,214.17,250.00,100,3.00,35.83
5971,213.92,250.00,100,3.00,36.08
6071,213.88,250.00,100,3.00,36.12
6171,213.81,250.00,100,3.00,36.19
6271,213.67,250.00,100,3.00,36.33
6371,213.47,250.00,100,3.00,36.53
6471,213.40,250.00,100,3.00,36.60
6571,213.30,250.00,100,3.00,36.70
6671,213.06,250.00,100,3.00,36.94
6771,212.92,250.00,100,3.00,37.08
6871,212.76,250.00,100,3.00,37.24
6971,212.65,250.00,100,3.00,37.35
7071,212.44,250.00,100,3.00,37.56
7171,212.25,250.00,100,3.00,37.75
7271,212.27,250.00,100,3.00,37.73
7371,211.99,250.00,100,3.00,38.01
7471,211.89,250.00,100,3.00,38.11
7571,211.87,250.00,100,3.00,38.13
7671,211.67,250.00,100,3.00,38.33
7771,211.52,250.00,100,3.00,38.48
7871,211.43,250.00,100,3.00,38.57
7971,211.27,250.00,100,3.00,38.73
8071,211.17,250.00,100,3.00,38.83
8171,210.97,250.00,100,3.00,39.03
8271,210.96,250.00,100,3.00,39.04
8371,211.07,250.00,100,3.00,38.93
8471,210.99,250.00,100,3.00,39.01
8571,210.98,250.00,100,3.00,39.02
8671,210.98,250.00,100,3.00,39.02
8771,210.90,250.00,100,3.00,39.10
8871,210.76,250.00,100,3.00,39.24
8971,210.60,250.00,100,3.00,39.40
9071,210.64,250.00,100,3.00,39.36
9171,210.49,250.00,100,3.00,39.51
9271,210.43,250.00,100,3.00,39.57
9371,210.48,250.00,100,3.00,39.52
9471,210.28,250.00,100,3.00,39.72
9571,210.24,250.00,100,3.00,39.76
9671,210.13,250.00,100,3.00,39.87
9771,210.11,250.00,100,3.00,39.89
9871,210.05,250.00,100,3.00,39.95
9971,210.00,250.00,100,3.00,40.00
10071,209.95,250.00,100,3.00,40.05
10171,209.94,250.00,100,3.00,40.06
10271,209.97,250.00,100,3.00,40.03
10371,209.93,250.00,100,3.00,40.07
10471,209.92,250.00,100,3.00,40.08
10571,209.95,250.00,100,3.00,40.05
10671,209.84,250.00,100,3.00,40.16
10771,209.98,250.00,100,3.00,40.02
10871,209.97,250.00,100,3.00,40.03
10971,209.96,250.00,100,3.00,40.04
11071,209.92,250.00,100,3.00,40.08
11171,210.06,250.00,100,3.00,39.94
11271,210.22,250.00,100,3.00,39.78
11371,210.18,250.00,100,3.00,39.82
11471,210.33,250.00,100,3.00,39.67
11571,210.21,250.00,100,3.00,39.79
11671,210.29,250.00,100,3.00,39.71
11771,210.25,250.00,100,3.00,39.75
11871,210.31,250.00,100,3.00,39.69
11971,210.49,250.00,100,3.00,39.51
12071,210.49,250.00,100,3.00,39.51
12171,210.50,250.00,100,3.00,39.50
12271,210.55,250.00,100,3.00,39.45
12371,210.51,250.00,100,3.00,39.49
12471,210.59,250.00,100,3.00,39.41
12571,210.70,250.00,100,3.00,39.30
12671,210.76,250.00,100,3.00,39.24
12771,210.74,250.00,100,3.00,39.26
12871,210.91,250.00,100,3.00,39.09
12971,210.94,250.00,100,3.00,39.06
13071,211.02,250.00,100,3.00,38.98
13171,211.12,250.00,100,3.00,38.88
13271,211.32,250.00,100,3.00,38.68
13371,211.28,250.00,100,3.00,38.72
13471,211.39,250.00,100,3.00,38.61
13571,211.61,250.00,100,3.00,38.39
13671,211.72,250.00,100,3.00,38.28
13771,211.90,250.00,100,3.00,38.10
13871,211.92,250.00,100,3.00,38.08
13971,211.96,250.00,100,3.00,38.04
14071,212.16,250.00,100,3.00,37.84
14171,212.26,250.00,100,3.00,37.74
14271,212.31,250.00,100,3.00,37.69
14371,212.43,250.00,100,3.00,37.57
14471,212.58,250.00,100,3.00,37.42
14571,212.75,250.00,100,3.00,37.25
14671,213.06,250.00,100,3.00,36.94
14771,213.15,250.00,100,3.00,36.85
14871,213.30,250.00,100,3.00,36.70
14971,213.60,250.00,100,3.00,36.40
15071,213.67,250.00,100,3.00,36.33
15171,213.73,250.00,100,3.00,36.27
15271,213.83,250.00,100,3.00,36.17
15371,213.80,250.00,100,3.00,36.20
15471,213.85,250.00,100,3.00,36.15
15571,213.93,250.00,100,3.00,36.07
15671,214.17,250.00,100,3.00,35.83
15771,214.42,250.00,100,3.00,35.58
15871,214.65,250.00,100,3.00,35.35
15971,214.65,250.00,100,3.00,35.35
16071,214.70,250.00,100,3.00,35.30
16171,214.78,250.00,100,3.00,35.22
16271,215.09,250.00,100,3.00,34.91
16371,215.30,250.00,100,3.00,34.70
16471,215.44,250.00,100,3.00,34.56
16571,215.44,250.00,100,3.00,34.56
16671,215.61,250.00,100,3.00,34.39
16771,215.97,250.00,100,3.00,34.03
16871,216.09,250.00,100,3.00,33.91
16971,216.07,250.00,100,3.00,33.93
17071,216.25,250.00,100,3.00,33.75
17171,216.34,250.00,100,3.00,33.66
17271,216.63,250.00,100,3.00,33.37
17371,216.76,250.00,100,3.00,33.24
17471,216.88,250.00,100,3.00,33.12
17571,216.95,250.00,100,3.00,33.05
17671,217.09,250.00,100,3.00,32.91
17771,217.40,250.00,100,3.00,32.60
17871,217.58,250.00,100,3.00,32.42
17971,217.75,250.00,100,3.00,32.25
18071,218.03,250.00,100,3.00,31.97
18171,218.07,250.00,100,3.00,31.93
18271,218.36,250.00,100,3.00,31.64
18371,218.68,250.00,100,3.00,31.32
18471,218.78,250.00,100,3.00,31.22
18571,218.96,250.00,100,3.00,31.04
18671,219.21,250.00,100,3.00,30.79
18771,219.35,250.00,100,3.00,30.65
18871,219.75,250.00,100,3.00,30.25
18971,219.97,250.00,100,3.00,30.03
19071,220.03,250.00,100,3.00,29.97
19171,220.27,250.00,100,3.00,29.73
19271,220.39,250.00,100,3.00,29.61
19371,220.50,250.00,100,3.00,29.50
19471,220.70,250.00,100,3.00,29.30
19571,220.73,250.00,100,3.00,29.27
19671,220.85,250.00,100,3.00,29.15
19771,221.06,250.00,100,3.00,28.94
19871,221.44,250.00,100,3.00,28.56
19971,221.44,250.00,100,3.00,28.56
20071,221.78,250.00,100,3.00,28.22
20171,221.85,250.00,100,3.00,28.15
20271,222.10,250.00,100,3.00,27.90
20371,222.53,250.00,100,3.00,27.47
20471,222.96,250.00,100,3.00,27.04
20571,223.10,250.00,100,3.00,26.90
20671,223.43,250.00,100,3.00,26.57
20771,223.57,250.00,100,3.00,26.43
20871,223.80,250.00,100,3.00,26.20
20971,224.27,250.00,100,3.00,25.73
21071,224.69,250.00,100,3.00,25.31
21171,224.76,250.00,100,3.00,25.24
21271,224.92,250.00,100,3.00,25.08
21371,225.28,250.00,100,3.00,24.72
21471,225.65,250.00,100,3.00,24.35
21571,225.88,250.00,100,3.00,24.12
21671,225.93,250.00,100,3.00,24.07
21771,226.03,250.00,100,3.00,23.97
21871,226.17,250.00,100,3.00,23.83
21971,226.56,250.00,100,3.00,23.44
22071,226.54,250.00,100,3.00,23.46
22171,226.96,250.00,100,3.00,23.04
22271,227.34,250.00,100,3.00,22.66
22371,227.45,250.00,100,3.00,22.55
22471,227.89,250.00,88,3.00,22.11
22571,228.29,250.00,100,3.00,21.71
22671,228.37,250.00,100,3.00,21.63
22771,228.60,250.00,100,3.00,21.40
22871,228.99,250.00,100,3.00,21.01
22971,229.28,250.00,100,3.00,20.72
23071,229.54,250.00,100,3.00,20.46
23171,229.71,250.00,100,3.00,20.29
23271,230.05,250.00,100,3.00,19.95
23371,230.35,250.00,100,3.00,19.65
23471,230.74,250.00,67,3.00,19.26
23571,231.09,250.00,100,3.00,18.91
23671,231.29,250.00,100,3.00,18.71
23771,231.53,250.00,100,3.00,18.47
23871,231.45,250.00,100,3.00,18.55
23971,231.67,250.00,100,3.00,18.33
24071,231.93,250.00,100,3.00,18.07
24171,232.10,250.00,100,3.00,17.90
24271,232.38,250.00,100,3.00,17.62
24371,232.51,250.00,100,3.00,17.49
24471,232.69,250.00,100,3.00,17.31
24571,232.91,250.00,100,3.00,17.09
24671,233.17,250.00,100,3.00,16.83
24771,233.28,250.00,100,3.00,16.72
24871,233.64,250.00,33,3.00,16.36
24971,233.70,250.00,100,3.00,16.30
25071,234.15,250.00,0,3.00,15.85
25171,234.62,250.00,0,3.00,15.38
25271,235.18,250.00,0,3.00,14.82
25371,235.47,250.00,59,3.00,14.53
25471,235.81,250.00,9,3.00,14.19
25571,236.11,250.00,45,3.00,13.89
25671,236.74,250.00,0,3.00,13.26
25771,237.31,250.00,0,3.00,12.69
25871,237.97,250.00,0,3.00,12.03
25971,238.19,250.00,96,3.00,11.81
26071,238.61,250.00,0,3.00,11.39
26171,239.07,250.00,0,3.00,10.93
26271,239.33,250.00,36,3.00,10.67
26371,239.56,250.00,64,3.00,10.44
26471,239.84,250.00,0,3.00,10.16
26571,240.41,250.00,0,3.00,9.59
26671,240.68,250.00,0,3.00,9.32
26771,241.40,250.00,0,3.00,8.60
26871,241.81,250.00,0,3.00,8.19
26971,241.79,250.00,100,3.00,8.21
27071,241.93,250.00,100,3.00,8.07
27171,242.13,250.00,60,3.00,7.87
27271,241.94,250.00,100,3.00,8.06
27371,242.06,250.00,100,3.00,7.94
27471,242.02,250.00,100,3.00,7.98
27571,242.61,250.00,0,3.00,7.39
27671,243.14,250.00,0,3.00,6.86
27771,243.53,250.00,0,3.00,6.47
27871,244.05,250.00,0,3.00,5.95
27971,244.12,250.00,100,3.00,5.88
28071,243.94,250.00,100,3.00,6.06
28171,244.18,250.00,0,3.00,5.82
28271,244.18,250.00,100,3.00,5.82
28371,244.15,250.00,100,3.00,5.85
28471,244.44,250.00,0,3.00,5.56
28571,244.44,250.00,100,3.00,5.56
28671,244.79,250.00,0,3.00,5.21
28771,245.36,250.00,0,3.00,4.64
28871,245.36,250.00,100,3.00,4.64
28971,245.53,250.00,18,3.00,4.47
29071,245.94,250.00,0,3.00,4.06
29171,245.94,250.00,100,3.00,4.06
29271,245.94,250.00,100,3.00,4.06
29371,246.39,250.00,0,3.00,3.61
29471,246.39,250.00,100,3.00,3.61
29571,246.39,250.00,100,3.00,3.61
29671,246.39,250.00,100,3.00,3.61
29771,246.54,250.00,15,3.00,3.46
29871,246.85,250.00,0,3.00,3.15
29971,246.85,250.00,100,3.00,3.15
30071,246.85,250.00,100,3.00,3.15
30171,247.13,250.00,0,3.00,2.87
30271,247.13,250.00,100,3.00,2.87
30371,247.13,250.00,100,3.00,2.87
30471,247.13,250.00,100,3.00,2.87
30571,247.13,250.00,100,3.00,2.87
30671,247.46,250.00,0,3.00,2.54
30771,247.46,250.00,100,3.00,2.54
30871,247.46,250.00,100,3.00,2.54
30971,247.46,250.00,100,3.00,2.54
31071,247.46,250.00,100,3.00,2.54
31171,247.46,250.00,100,3.00,2.54
31271,247.46,250.00,100,3.00,2.54
31371,247.46,250.00,100,3.00,2.54
31471,247.46,250.00,100,3.00,2.54
31571,247.46,250.00,100,3.00,2.54
31671,247.46,250.00,100,3.00,2.54
31771,247.46,250.00,100,3.00,2.54
31871,247.46,250.00,100,3.00,2.54
31971,247.46,250.00,100,3.00,2.54
32071,247.46,250.00,100,3.00,2.54
32171,247.46,250.00,100,3.00,2.54
32271,247.46,250.00,100,3.00,2.54
32371,247.46,250.00,100,3.00,2.54
32471,247.46,250.00,100,3.00,2.54
32571,247.46,250.00,100,3.00,2.54
32671,247.46,250.00,100,3.00,2.54
32771,247.46,250.00,100,3.00,2.54
32871,247.46,250.00,100,3.00,2.54
32971,247.46,250.00,100,3.00,2.54
33071,247.46,250.00,100,3.00,2.54
33171,247.46,250.00,100,3.00,2.54
33271,247.46,250.00,100,3.00,2.54
33371,247.46,250.00,100,3.00,2.54
33471,247.46,250.00,100,3.00,2.54
33571,247.46,250.00,100,3.00,2.54
33671,247.46,250.00,100,3.00,2.54
33771,247.46,250.00,100,3.00,2.54
33871,247.46,250.00,100,3.00,2.54
33971,247.46,250.00,100,3.00,2.54
34071,247.46,250.00,100,3.00,2.54
34171,247.46,250.00,100,3.00,2.54
34271,247.46,250.00,100,3.00,2.54
34371,247.46,250.00,100,3.00,2.54
34471,247.46,250.00,100,3.00,2.54
34571,247.46,250.00,100,3.00,2.54
34671,247.46,250.00,100,3.00,2.54
34771,247.46,250.00,100,3.00,2.54
34871,247.46,250.00,100,3.00,2.54
34971,247.46,250.00,100,3.00,2.54
35071,247.46,250.00,100,3.00,2.54
35171,247.46,250.00,100,3.00,2.54
35271,247.46,250.00,100,3.00,2.54
35371,247.46,250.00,100,3.00,2.54
35471,247.46,250.00,100,3.00,2.54
35571,247.46,250.00,100,3.00,2.54
35671,247.46,250.00,100,3.00,2.54
35771,247.46,250.00,100,3.00,2.54
35871,247.46,250.00,100,3.00,2.54
35971,247.46,250.00,100,3.00,2.54
36071,247.46,250.00,100,3.00,2.54
36171,247.46,250.00,100,3.00,2.54
36271,247.46,250.00,100,3.00,2.54
36371,247.46,250.00,100,3.00,2.54
36471,247.46,250.00,100,3.00,2.54
36571,247.46,250.00,100,3.00,2.54
36671,247.46,250.00,100,3.00,2.54
36771,247.46,250.00,100,3.00,2.54
36871,247.46,250.00,100,3.00,2.54
36971,247.46,250.00,100,3.00,2.54
37071,247.46,250.00,100,3.00,2.54
37171,247.46,250.00,100,3.00,2.54
37271,247.46,250.00,100,3.00,2.54
37371,247.46,250.00,100,3.00,2.54
37471,247.46,250.00,100,3.00,2.54
37571,247.46,250.00,100,3.00,2.54
37671,247.46,250.00,100,3.00,2.54
37771,247.46,250.00,100,3.00,2.54
37871,247.46,250.00,100,3.00,2.54
37971,247.46,250.00,100,3.00,2.54
38071,247.46,250.00,100,3.00,2.54
38171,247.46,250.00,100,3.00,2.54
38271,247.46,250.00,100,3.00,2.54
38371,247.46,250.00,100,3.00,2.54
38471,247.46,250.00,100,3.00,2.54
38571,247.46,250.00,100,3.00,2.54
38671,247.46,250.00,100,3.00,2.54
38771,247.46,250.00,100,3.00,2.54
38871,247.46,250.00,100,3.00,2.54
38971,247.46,250.00,100,3.00,2.54
39071,247.46,250.00,100,3.00,2.54
39171,247.46,250.00,100,3.00,2.54
39271,247.46,250.00,100,3.00,2.54
39371,247.46,250.00,100,3.00,2.54
39471,247.46,250.00,100,3.00,2.54
39571,247.46,250.00,100,3.00,2.54
39671,247.46,250.00,100,3.00,2.54
39771,247.46,250.00,100,3.00,2.54
39871,247.46,250.00,100,3.00,2.54
39971,247.46,250.00,100,3.00,2.54
40071,247.46,250.00,100,3.00,2.54
40171,247.46,250.00,100,3.00,2.54
40271,247.46,250.00,100,3.00,2.54
40371,247.46,250.00,100,3.00,2.54
40471,247.46,250.00,100,3.00,2.54
40571,247.46,250.00,100,3.00,2.54
40671,247.46,250.00,100,3.00,2.54
40771,247.46,250.00,100,3.00,2.54
40871,247.46,250.00,100,3.00,2.54
40971,247.46,250.00,100,3.00,2.54
41071,247.46,250.00,100,3.00,2.54
41171,247.46,250.00,100,3.00,2.54
41271,247.46,250.00,100,3.00,2.54
41371,247.46,250.00,100,3.00,2.54
41471,247.46,250.00,100,3.00,2.54
41571,247.46,250.00,100,3.00,2.54
41671,247.46,250.00,100,3.00,2.54
41771,247.46,250.00,100,3.00,2.54
41871,247.46,250.00,100,3.00,2.54
41971,247.46,250.00,100,3.00,2.54
42071,247.46,250.00,100,3.00,2.54
42171,247.46,250.00,100,3.00,2.54
42271,247.46,250.00,100,3.00,2.54
42371,247.46,250.00,100,3.00,2.54
42471,247.46,250.00,100,3.00,2.54
42571,247.46,250.00,100,3.00,2.54
42671,247.46,250.00,100,3.00,2.54
42771,247.46,250.00,100,3.00,2.54
42871,247.46,250.00,100,3.00,2.54
42971,247.46,250.00,100,3.00,2.54
43071,247.46,250.00,100,3.00,2.54
43171,247.46,250.00,100,3.00,2.54
43271,247.46,250.00,100,3.00,2.54
43371,247.46,250.00,100,3.00,2.54
43471,247.46,250.00,100,3.00,2.54
43571,247.46,250.00,100,3.00,2.54
43671,247.46,250.00,100,3.00,2.54
43771,247.46,250.00,100,3.00,2.54
43871,247.46,250.00,100,3.00,2.54
43971,247.46,250.00,100,3.00,2.54
44071,247.46,250.00,100,3.00,2.54
44171,247.46,250.00,100,3.00,2.54
44271,247.46,250.00,100,3.00,2.54
44371,247.46,250.00,100,3.00,2.54
44471,247.46,250.00,100,3.00,2.54
44571,247.46,250.00,100,3.00,2.54
44671,247.46,250.00,100,3.00,2.54
44771,247.46,250.00,100,3.00,2.54
44871,247.46,250.00,100,3.00,2.54
44971,247.46,250.00,100,3.00,2.54
45071,247.46,250.00,100,3.00,2.54
45171,247.46,250.00,100,3.00,2.54
45271,247.46,250.00,100,3.00,2.54
45371,247.46,250.00,100,3.00,2.54
45471,247.46,250.00,100,3.00,2.54
45571,247.46,250.00,100,3.00,2.54
45671,247.46,250.00,100,3.00,2.54
45771,247.46,250.00,100,3.00,2.54
45871,247.46,250.00,100,3.00,2.54
45971,247.46,250.00,100,3.00,2.54
46071,247.46,250.00,100,3.00,2.54
46171,247.46,250.00,100,3.00,2.54
46271,247.46,250.00,100,3.00,2.54
46371,247.46,250.00,100,3.00,2.54
46471,247.46,250.00,100,3.00,2.54
46571,247.46,250.00,100,3.00,2.54
46671,247.46,250.00,100,3.00,2.54
46771,247.46,250.00,100,3.00,2.54
46871,247.46,250.00,100,3.00,2.54
46971,247.46,250.00,100,3.00,2.54
47071,247.46,250.00,100,3.00,2.54
47171,247.46,250.00,100,3.00,2.54
47271,247.46,250.00,100,3.00,2.54
47371,247.46,250.00,100,3.00,2.54
47471,247.46,250.00,100,3.00,2.54
47571,247.46,250.00,100,3.00,2.54
47671,247.46,250.00,100,3.00,2.54
47771,247.46,250.00,100,3.00,2.54
47871,247.46,250.00,100,3.00,2.54
47971,247.46,250.00,100,3.00,2.54
48071,247.46,250.00,100,3.00,2.54
48171,247.46,250.00,100,3.00,2.54
48271,247.46,250.00,100,3.00,2.54
48371,247.46,250.00,100,3.00,2.54
48471,247.46,250.00,100,3.00,2.54
48571,247.46,250.00,100,3.00,2.54
48671,247.46,250.00,100,3.00,2.54
48771,247.46,250.00,100,3.00,2.54
48871,247.46,250.00,100,3.00,2.54
48971,247.46,250.00,100,3.00,2.54
49071,247.46,250.00,100,3.00,2.54
49171,247.46,250.00,100,3.00,2.54
49271,247.46,250.00,100,3.00,2.54
49371,247.46,250.00,100,3.00,2.54
49471,247.46,250.00,100,3.00,2.54
49571,247.46,250.00,100,3.00,2.54
49671,247.46,250.00,100,3.00,2.54
49771,247.46,250.00,100,3.00,2.54
49871,247.46,250.00,100,3.00,2.54
49971,247.46,250.00,100,3.00,2.54
50071,247.46,250.00,100,3.00,2.54
50171,247.46,250.00,100,3.00,2.54
50271,247.46,250.00,100,3.00,2.54
50371,247.46,250.00,100,3.00,2.54
50471,247.46,250.00,100,3.00,2.54
50571,247.46,250.00,100,3.00,2.54
50671,247.46,250.00,100,3.00,2.54
50771,247.46,250.00,100,3.00,2.54
50871,247.46,250.00,100,3.00,2.54
50971,247.46,250.00,100,3.00,2.54
51071,247.46,250.00,100,3.00,2.54
51171,247.46,250.00,100,3.00,2.54
51271,247.46,250.00,100,3.00,2.54
51371,247.46,250.00,100,3.00,2.54
51471,247.46,250.00,100,3.00,2.54
51571,247.46,250.00,100,3.00,2.54
51671,247.46,250.00,100,3.00,2.54
51771,247.46,250.00,100,3.00,2.54
51871,247.46,250.00,100,3.00,2.54
51971,247.46,250.00,100,3.00,2.54
52071,247.46,250.00,100,3.00,2.54
52171,247.46,250.00,100,3.00,2.54
52271,247.46,250.00,100,3.00,2.54
52371,247.46,250.00,100,3.00,2.54
52471,247.46,250.00,100,3.00,2.54
52571,247.46,250.00,100,3.00,2.54
52671,247.46,250.00,100,3.00,2.54
52771,247.46,250.00,100,3.00,2.54
52871,247.46,250.00,100,3.00,2.54
52971,247.46,250.00,100,3.00,2.54
53071,247.46,250.00,100,3.00,2.54
53171,247.46,250.00,100,3.00,2.54
53271,247.46,250.00,100,3.00,2.54
53371,247.46,250.00,100,3.00,2.54
53471,247.46,250.00,100,3.00,2.54
53571,247.46,250.00,100,3.00,2.54
53671,247.46,250.00,100,3.00,2.54
53771,247.46,250.00,100,3.00,2.54
53871,247.46,250.00,100,3.00,2.54
53971,247.46,250.00,100,3.00,2.54
54071,247.46,250.00,100,3.00,2.54
54171,247.46,250.00,100,3.00,2.54
54271,247.46,250.00,100,3.00,2.54
54371,247.46,250.00,100,3.00,2.54
54471,247.46,250.00,100,3.00,2.54
54571,247.46,250.00,100,3.00,2.54
54671,247.46,250.00,100,3.00,2.54
54771,247.46,250.00,100,3.00,2.54
54871,247.46,250.00,100,3.00,2.54
54971,247.46,250.00,100,3.00,2.54
55071,247.46,250.00,100,3.00,2.54
55171,247.46,250.00,100,3.00,2.54
55271,247.46,250.00,100,3.00,2.54
55371,247.46,250.00,100,3.00,2.54
55471,247.46,250.00,100,3.00,2.54
55571,247.46,250.00,100,3.00,2.54
55671,247.46,250.00,100,3.00,2.54
55771,247.46,250.00,100,3.00,2.54
55871,247.46,250.00,100,3.00,2.54
55971,247.46,250.00,100,3.00,2.54
56071,247.46,250.00,100,3.00,2.54
56171,247.46,250.00,100,3.00,2.54
56271,247.46,250.00,100,3.00,2.54
56371,247.46,250.00,100,3.00,2.54
56471,247.46,250.00,100,3.00,2.54
56571,247.46,250.00,100,3.00,2.54
56671,247.46,250.00,100,3.00,2.54
56771,247.46,250.00,100,3.00,2.54
56871,247.46,250.00,100,3.00,2.54
56971,247.46,250.00,100,3.00,2.54
57071,247.46,250.00,100,3.00,2.54
57171,247.46,250.00,100,3.00,2.54
57271,247.46,250.00,100,3.00,2.54
57371,247.46,250.00,100,3.00,2.54
57471,247.46,250.00,100,3.00,2.54
57571,247.46,250.00,100,3.00,2.54
57671,247.46,250.00,100,3.00,2.54
57771,247.46,250.00,100,3.00,2.54
57871,247.46,250.00,100,3.00,2.54
57971,247.46,250.00,100,3.00,2.54
58071,247.46,250.00,100,3.00,2.54
58171,247.46,250.00,100,3.00,2.54
58271,247.46,250.00,100,3.00,2.54
58371,247.46,250.00,100,3.00,2.54
58471,247.46,250.00,100,3.00,2.54
58571,247.46,250.00,100,3.00,2.54
58671,247.46,250.00,100,3.00,2.54
58771,247.46,250.00,100,3.00,2.54
58871,247.46,250.00,100,3.00,2.54
58971,247.46,250.00,100,3.00,2.54
59071,247.46,250.00,100,3.00,2.54
59539,247.46,250.00,100,3.00,2.54
60216,247.46,250.00,100,3.00,2.54
60893,247.46,250.00,100,3.00,2.54
61570,247.46,250.00,100,3.00,2.54
62247,247.46,250.00,100,3.00,2.54
62924,247.46,250.00,100,3.00,2.54
63601,247.46,250.00,100,3.00,2.54
64278,247.46,250.00,100,3.00,2.54
64955,247.46,250.00,100,3.00,2.54
65632,247.46,250.00,100,3.00,2.54
66309,247.46,250.00,100,3.00,2.54
66986,247.46,250.00,100,3.00,2.54
67663,247.46,250.00,100,3.00,2.54
68340,247.46,250.00,100,3.00,2.54
69017,247.46,250.00,100,3.00,2.54
