Time_ms,Temp_C,Setpoint_C,Heater_Duty,Motor_Hz,Error_C
211470.0,81.77,150.0,100,400,68.23
211912.0,81.73,150.0,100,400,68.27
212354.0,81.75,150.0,100,400,68.25
212796.0,81.76,150.0,100,400,68.24
213238.0,81.83,150.0,100,400,68.17
213680.0,81.76,150.0,100,400,68.24
214122.0,81.66,150.0,100,400,68.34
214564.0,81.73,150.0,100,400,68.27
215006.0,81.79,150.0,100,400,68.21
215523.0,81.66,150.0,100,400,68.34
215965.0,81.58,150.0,100,400,68.42
216407.0,81.49,150.0,100,400,68.51
216849.0,81.36,150.0,100,400,68.64
217291.0,81.27,150.0,100,400,68.73
217733.0,81.27,150.0,100,400,68.73
218175.0,81.2,150.0,100,400,68.8
2171.0,83.74,150.0,100,400,66.26
2270.0,83.87,150.0,100,400,66.13
2370.0,84.01,150.0,100,400,65.99
2470.0,84.1,150.0,100,400,65.9
2570.0,84.26,150.0,100,400,65.74
2670.0,84.3,150.0,100,400,65.7
2770.0,84.36,150.0,100,400,65.64
2870.0,84.44,150.0,100,400,65.56
2970.0,84.51,150.0,100,400,65.49
3070.0,84.55,150.0,100,400,65.45
3170.0,84.57,150.0,100,400,65.43
3270.0,84.68,150.0,100,400,65.32
3370.0,84.86,150.0,100,400,65.14
3470.0,85.01,150.0,100,400,64.99
3570.0,85.15,150.0,100,400,64.85
3670.0,85.24,150.0,100,400,64.76
3770.0,85.27,150.0,100,400,64.73
3870.0,85.34,150.0,100,400,64.66
3970.0,85.39,150.0,100,400,64.61
4070.0,85.39,150.0,100,400,64.61
4170.0,85.42,150.0,100,400,64.58
4270.0,85.43,150.0,100,400,64.57
4370.0,85.49,150.0,100,400,64.51
4470.0,85.49,150.0,100,400,64.51
4570.0,85.61,150.0,100,400,64.39
4670.0,85.69,150.0,100,400,64.31
4770.0,85.74,150.0,100,400,64.26
4870.0,85.77,150.0,100,400,64.23
4970.0,85.76,150.0,100,400,64.24
5070.0,85.79,150.0,100,400,64.21
5170.0,85.79,150.0,100,400,64.21
5270.0,85.86,150.0,100,400,64.14
5370.0,85.97,150.0,100,400,64.03
5470.0,86.07,150.0,100,400,63.93
5570.0,86.2,150.0,100,400,63.8
5670.0,86.26,150.0,100,400,63.74
5770.0,86.35,150.0,100,400,63.65
5870.0,86.46,150.0,100,400,63.54
5970.0,86.51,150.0,100,400,63.49
6070.0,86.75,150.0,0,400,63.25
6170.0,86.76,150.0,100,400,63.24
6270.0,86.77,150.0,100,400,63.23
6370.0,86.82,150.0,100,400,63.18
6470.0,86.97,150.0,100,400,63.03
6570.0,87.08,150.0,100,400,62.92
6670.0,87.3,150.0,0,400,62.7
6770.0,87.44,150.0,100,400,62.56
6870.0,87.53,150.0,100,400,62.47
6970.0,87.62,150.0,100,400,62.38
7070.0,87.73,150.0,100,400,62.27
7170.0,87.86,150.0,100,400,62.14
7270.0,87.92,150.0,100,400,62.08
7370.0,88.01,150.0,100,400,61.99
7470.0,88.14,150.0,100,400,61.86
7570.0,88.3,150.0,100,400,61.7
7670.0,88.43,150.0,100,400,61.57
7770.0,88.55,150.0,100,400,61.45
7870.0,88.67,150.0,100,400,61.33
7970.0,88.74,150.0,100,400,61.26
8070.0,88.86,150.0,100,400,61.14
8170.0,89.01,150.0,100,400,60.99
8270.0,89.03,150.0,100,400,60.97
8370.0,89.13,150.0,100,400,60.87
8470.0,89.3,150.0,100,400,60.7
8570.0,89.46,150.0,100,400,60.54
8670.0,89.54,150.0,100,400,60.46
8770.0,89.72,150.0,90,400,60.28
8870.0,89.85,150.0,100,400,60.15
8970.0,89.97,150.0,100,400,60.03
9070.0,90.12,150.0,100,400,59.88
9170.0,90.24,150.0,100,400,59.76
9270.0,90.39,150.0,100,400,59.61
9370.0,90.53,150.0,100,400,59.47
9470.0,90.66,150.0,100,400,59.34
9570.0,90.84,150.0,91,400,59.16
9670.0,91.07,150.0,0,400,58.93
9770.0,91.18,150.0,100,400,58.82
9870.0,91.35,150.0,100,400,58.65
9970.0,91.48,150.0,100,400,58.52
10070.0,91.62,150.0,100,400,58.38
10170.0,91.73,150.0,100,400,58.27
10270.0,91.87,150.0,100,400,58.13
10370.0,91.97,150.0,100,400,58.03
10470.0,92.06,150.0,100,400,57.94
10570.0,92.18,150.0,100,400,57.82
10670.0,92.34,150.0,100,400,57.66
10770.0,92.46,150.0,100,400,57.54
10870.0,92.71,150.0,0,400,57.29
10970.0,92.88,150.0,59,400,57.12
11070.0,93.1,150.0,0,400,56.9
11170.0,93.26,150.0,90,400,56.74
11270.0,93.47,150.0,0,400,56.53
11370.0,93.68,150.0,0,400,56.32
11470.0,93.84,150.0,100,400,56.16
11570.0,93.98,150.0,100,400,56.02
11670.0,94.21,150.0,0,400,55.79
11770.0,94.42,150.0,0,400,55.58
11870.0,94.6,150.0,23,400,55.4
11970.0,94.79,150.0,0,400,55.21
12070.0,94.93,150.0,100,400,55.07
12170.0,95.11,150.0,20,400,54.89
12270.0,95.3,150.0,0,400,54.7
12370.0,95.47,150.0,47,400,54.53
12470.0,95.66,150.0,0,400,54.34
12570.0,95.84,150.0,0,400,54.16
12670.0,96.0,150.0,77,400,54.0
12770.0,96.18,150.0,0,400,53.82
12870.0,96.35,150.0,82,400,53.65
12970.0,96.59,150.0,0,400,53.41
13070.0,96.78,150.0,0,400,53.22
13170.0,96.94,150.0,95,400,53.06
13270.0,97.1,150.0,86,400,52.9
13370.0,97.22,150.0,100,400,52.78
13470.0,97.42,150.0,0,400,52.58
13570.0,97.67,150.0,0,400,52.33
13670.0,97.91,150.0,0,400,52.09
13770.0,98.23,150.0,0,400,51.77
13870.0,98.51,150.0,0,400,51.49
13970.0,98.83,150.0,0,400,51.17
14070.0,99.07,150.0,0,400,50.93
14170.0,99.28,150.0,0,400,50.72
14270.0,99.45,150.0,5,400,50.55
14370.0,99.62,150.0,12,400,50.38
14470.0,99.75,150.0,100,400,50.25
14570.0,99.9,150.0,65,400,50.1
14670.0,100.02,150.0,100,400,49.98
14770.0,100.21,150.0,0,400,49.79
14870.0,100.41,150.0,0,400,49.59
14970.0,100.62,150.0,0,400,49.38
15070.0,100.81,150.0,0,400,49.19
15170.0,100.97,150.0,34,400,49.03
15270.0,101.18,150.0,0,400,48.82
15370.0,101.39,150.0,0,400,48.61
15470.0,101.57,150.0,0,400,48.43
15570.0,101.75,150.0,0,400,48.25
15670.0,101.9,150.0,45,400,48.1
15770.0,102.05,150.0,42,400,47.95
15870.0,102.2,150.0,40,400,47.8
15970.0,102.38,150.0,0,400,47.62
16070.0,102.57,150.0,0,400,47.43
16170.0,102.81,150.0,0,400,47.19
16270.0,102.98,150.0,0,400,47.02
16370.0,103.15,150.0,0,400,46.85
16470.0,103.36,150.0,0,400,46.64
16570.0,103.54,150.0,0,400,46.46
16670.0,103.67,150.0,80,400,46.33
16770.0,103.81,150.0,68,400,46.19
16870.0,104.01,150.0,0,400,45.99
16970.0,104.18,150.0,0,400,45.82
17070.0,104.31,150.0,100,400,45.69
17170.0,104.46,150.0,0,400,45.54
17270.0,104.68,150.0,0,400,45.32
17370.0,104.8,150.0,100,400,45.2
17470.0,104.95,150.0,23,400,45.05
17570.0,105.08,150.0,86,400,44.92
17670.0,105.26,150.0,0,400,44.74
17770.0,105.37,150.0,100,400,44.63
17870.0,105.54,150.0,0,400,44.46
17970.0,105.7,150.0,0,400,44.3
18070.0,105.92,150.0,0,400,44.08
18170.0,106.09,150.0,0,400,43.91
18270.0,106.29,150.0,0,400,43.71
18370.0,106.45,150.0,0,400,43.55
18470.0,106.55,150.0,100,400,43.45
18570.0,106.69,150.0,30,400,43.31
18670.0,106.82,150.0,89,400,43.18
18770.0,106.94,150.0,72,400,43.06
18870.0,107.0,150.0,100,400,43.0
18970.0,107.08,150.0,100,400,42.92
19070.0,107.21,150.0,52,400,42.79
19170.0,107.36,150.0,0,400,42.64
19270.0,107.58,150.0,0,400,42.42
19370.0,107.75,150.0,0,400,42.25
19470.0,107.89,150.0,23,400,42.11
19570.0,108.01,150.0,80,400,41.99
19670.0,108.11,150.0,100,400,41.89
19770.0,108.28,150.0,0,400,41.72
19870.0,108.44,150.0,0,400,41.56
19970.0,108.59,150.0,0,400,41.41
20070.0,108.72,150.0,16,400,41.28
20170.0,108.86,150.0,11,400,41.14
20270.0,109.0,150.0,0,400,41.0
20370.0,109.14,150.0,16,400,40.86
20470.0,109.27,150.0,11,400,40.73
20570.0,109.36,150.0,100,400,40.64
20670.0,109.48,150.0,89,400,40.52
20770.0,109.63,150.0,0,400,40.37
20870.0,109.73,150.0,100,400,40.27
20970.0,109.83,150.0,100,400,40.17
21070.0,109.9,150.0,100,400,40.1
21170.0,110.05,150.0,0,400,39.95
21270.0,110.21,150.0,0,400,39.79
21370.0,110.36,150.0,0,400,39.64
21470.0,110.48,150.0,60,400,39.52
21570.0,110.59,150.0,100,400,39.41
21670.0,110.7,150.0,80,400,39.3
21770.0,110.82,150.0,60,400,39.18
21870.0,110.91,150.0,100,400,39.09
21970.0,111.01,150.0,100,400,38.99
22070.0,111.12,150.0,97,400,38.88
22170.0,111.21,150.0,100,400,38.79
22270.0,111.36,150.0,0,400,38.64
22370.0,111.45,150.0,100,400,38.55
22470.0,111.58,150.0,4,400,38.42
22570.0,111.66,150.0,100,400,38.34
22670.0,111.73,150.0,100,400,38.27
22770.0,111.84,150.0,80,400,38.16
22870.0,111.93,150.0,100,400,38.07
22970.0,112.07,150.0,0,400,37.93
23070.0,112.16,150.0,100,400,37.84
23170.0,112.31,150.0,0,400,37.69
23270.0,112.42,150.0,52,400,37.58
23370.0,112.55,150.0,0,400,37.45
23470.0,112.72,150.0,0,400,37.28
23570.0,112.85,150.0,0,400,37.15
23670.0,112.97,150.0,9,400,37.03
23770.0,113.07,150.0,100,400,36.93
23870.0,113.18,150.0,86,400,36.82
23970.0,113.27,150.0,100,400,36.73
24070.0,113.36,150.0,100,400,36.64
24170.0,113.46,150.0,100,400,36.54
24270.0,113.61,150.0,0,400,36.39
24370.0,113.76,150.0,0,400,36.24
24470.0,113.91,150.0,0,400,36.09
24570.0,114.07,150.0,0,400,35.93
24670.0,114.23,150.0,0,400,35.77
24770.0,114.34,150.0,7,400,35.66
24870.0,114.49,150.0,0,400,35.51
24970.0,114.61,150.0,9,400,35.39
25070.0,114.69,150.0,100,400,35.31
25170.0,114.77,150.0,100,400,35.23
25270.0,114.88,150.0,32,400,35.12
25370.0,115.01,150.0,0,400,34.99
25470.0,115.14,150.0,0,400,34.86
25570.0,115.25,150.0,10,400,34.75
25670.0,115.35,150.0,54,400,34.65
25770.0,115.46,150.0,31,400,34.54
25870.0,115.56,150.0,70,400,34.44
25970.0,115.65,150.0,100,400,34.35
26070.0,115.74,150.0,100,400,34.26
26170.0,115.88,150.0,0,400,34.12
26270.0,116.02,150.0,0,400,33.98
26370.0,116.16,150.0,0,400,33.84
26470.0,116.33,150.0,0,400,33.67
26570.0,116.5,150.0,0,400,33.5
26670.0,116.7,150.0,0,400,33.3
26770.0,116.85,150.0,0,400,33.15
26870.0,116.97,150.0,0,400,33.03
26970.0,117.08,150.0,1,400,32.92
27070.0,117.19,150.0,0,400,32.81
27170.0,117.31,150.0,0,400,32.69
27270.0,117.41,150.0,20,400,32.59
27370.0,117.51,150.0,57,400,32.49
27470.0,117.63,150.0,0,400,32.37
27570.0,117.77,150.0,0,400,32.23
27670.0,117.91,150.0,0,400,32.09
27770.0,118.05,150.0,0,400,31.95
27870.0,118.17,150.0,0,400,31.83
27970.0,118.33,150.0,0,400,31.67
28070.0,118.45,150.0,0,400,31.55
28170.0,118.55,150.0,38,400,31.45
28270.0,118.69,150.0,0,400,31.31
28370.0,118.83,150.0,0,400,31.17
28470.0,118.96,150.0,0,400,31.04
28570.0,119.1,150.0,0,400,30.9
28670.0,119.23,150.0,0,400,30.77
28770.0,119.39,150.0,0,400,30.61
28870.0,119.52,150.0,0,400,30.48
28970.0,119.61,150.0,50,400,30.39
29070.0,119.7,150.0,21,400,30.3
29170.0,119.79,150.0,52,400,30.21
29270.0,119.91,150.0,0,400,30.09
29370.0,120.01,150.0,19,400,29.99
29470.0,120.14,150.0,0,400,29.86
29570.0,120.31,150.0,0,400,29.69
29670.0,120.47,150.0,0,400,29.53
29770.0,120.61,150.0,0,400,29.39
29870.0,120.72,150.0,0,400,29.28
29970.0,120.82,150.0,0,400,29.18
30070.0,120.92,150.0,18,400,29.08
30170.0,121.0,150.0,47,400,29.0
30270.0,121.09,150.0,16,400,28.91
30370.0,121.2,150.0,0,400,28.8
30470.0,121.34,150.0,0,400,28.66
30570.0,121.47,150.0,0,400,28.53
30670.0,121.56,150.0,4,400,28.44
30770.0,121.65,150.0,34,400,28.35
30870.0,121.78,150.0,0,400,28.22
30970.0,121.88,150.0,0,400,28.12
31070.0,121.95,150.0,100,400,28.05
31170.0,122.08,150.0,0,400,27.92
31270.0,122.17,150.0,13,400,27.83
31370.0,122.24,150.0,92,400,27.76
31470.0,122.33,150.0,0,400,27.67
31570.0,122.43,150.0,0,400,27.57
31670.0,122.55,150.0,0,400,27.45
31770.0,122.62,150.0,55,400,27.38
31870.0,122.72,150.0,0,400,27.28
31970.0,122.8,150.0,54,400,27.2
32070.0,122.82,150.0,100,400,27.18
32170.0,122.91,150.0,0,400,27.09
32270.0,122.98,150.0,100,400,27.02
32370.0,123.06,150.0,15,400,26.94
32470.0,123.14,150.0,39,400,26.86
32570.0,123.2,150.0,100,400,26.8
32670.0,123.29,150.0,0,400,26.71
32770.0,123.39,150.0,0,400,26.61
32870.0,123.46,150.0,68,400,26.54
32970.0,123.57,150.0,0,400,26.43
33070.0,123.64,150.0,69,400,26.36
33170.0,123.7,150.0,100,400,26.3
33270.0,123.79,150.0,0,400,26.21
33370.0,123.86,150.0,100,400,26.14
33470.0,123.95,150.0,0,400,26.05
33570.0,124.05,150.0,0,400,25.95
33670.0,124.09,150.0,100,400,25.91
33770.0,124.14,150.0,100,400,25.86
33870.0,124.2,150.0,100,400,25.8
33970.0,124.33,150.0,0,400,25.67
34070.0,124.4,150.0,66,400,25.6
34170.0,124.47,150.0,76,400,25.53
34270.0,124.52,150.0,100,400,25.48
34370.0,124.58,150.0,100,400,25.42
34470.0,124.65,150.0,78,400,25.35
34570.0,124.76,150.0,0,400,25.24
34670.0,124.8,150.0,100,400,25.2
34770.0,124.9,150.0,0,400,25.1
34870.0,124.98,150.0,55,400,25.02
34970.0,125.05,150.0,14,400,24.95
35070.0,125.15,150.0,0,400,24.85
35170.0,125.2,150.0,100,400,24.8
35270.0,125.28,150.0,5,400,24.72
35370.0,125.35,150.0,25,400,24.65
35470.0,125.43,150.0,42,400,24.57
35570.0,125.5,150.0,55,400,24.5
35670.0,125.54,150.0,100,400,24.46
35770.0,125.61,150.0,52,400,24.39
35870.0,125.72,150.0,0,400,24.28
35970.0,125.78,150.0,100,400,24.22
36070.0,125.85,150.0,58,400,24.15
36170.0,125.92,150.0,15,400,24.08
36270.0,126.01,150.0,0,400,23.99
36370.0,126.07,150.0,55,400,23.93
36470.0,126.12,150.0,100,400,23.88
36570.0,126.21,150.0,0,400,23.79
36670.0,126.29,150.0,0,400,23.71
36770.0,126.38,150.0,0,400,23.62
36870.0,126.47,150.0,0,400,23.53
36970.0,126.6,150.0,0,400,23.4
37070.0,126.65,150.0,100,400,23.35
37170.0,126.75,150.0,0,400,23.25
37270.0,126.84,150.0,0,400,23.16
37370.0,126.9,150.0,76,400,23.1
37470.0,126.98,150.0,0,400,23.02
37570.0,127.04,150.0,49,400,22.96
37670.0,127.09,150.0,100,400,22.91
37770.0,127.15,150.0,42,400,22.85
37870.0,127.22,150.0,51,400,22.78
37970.0,127.27,150.0,100,400,22.73
38070.0,127.32,150.0,100,400,22.68
38170.0,127.45,150.0,0,400,22.55
38270.0,127.57,150.0,0,400,22.43
38370.0,127.69,150.0,0,400,22.31
38470.0,127.8,150.0,0,400,22.2
38570.0,127.91,150.0,0,400,22.09
38670.0,128.04,150.0,0,400,21.96
38770.0,128.13,150.0,0,400,21.87
38870.0,128.22,150.0,0,400,21.78
38970.0,128.34,150.0,0,400,21.66
39070.0,128.46,150.0,0,400,21.54
39170.0,128.61,150.0,0,400,21.39
39270.0,128.73,150.0,0,400,21.27
39370.0,128.8,150.0,0,400,21.2
39470.0,128.87,150.0,2,400,21.13
39570.0,128.96,150.0,0,400,21.04
39670.0,129.07,150.0,0,400,20.93
39770.0,129.14,150.0,0,400,20.86
39870.0,129.2,150.0,50,400,20.8
39970.0,129.32,150.0,0,400,20.68
40070.0,129.39,150.0,12,400,20.61
40170.0,129.48,150.0,0,400,20.52
40270.0,129.62,150.0,0,400,20.38
40370.0,129.72,150.0,0,400,20.28
40470.0,129.8,150.0,0,400,20.2
40570.0,129.84,150.0,85,400,20.16
40670.0,129.93,150.0,0,400,20.07
40770.0,129.99,150.0,2,400,20.01
40870.0,130.1,150.0,0,400,19.9
40970.0,130.18,150.0,0,400,19.82
41070.0,130.27,150.0,0,400,19.73
41170.0,130.4,150.0,0,400,19.6
41270.0,130.48,150.0,0,400,19.52
41370.0,130.6,150.0,0,400,19.4
41470.0,130.67,150.0,0,400,19.33
41570.0,130.74,150.0,0,400,19.26
41670.0,130.88,150.0,0,400,19.12
41770.0,130.96,150.0,0,400,19.04
41870.0,131.02,150.0,30,400,18.98
41970.0,131.09,150.0,0,400,18.91
42070.0,131.19,150.0,0,400,18.81
42170.0,131.3,150.0,0,400,18.7
42270.0,131.37,150.0,0,400,18.63
42370.0,131.47,150.0,0,400,18.53
42470.0,131.59,150.0,0,400,18.41
42570.0,131.68,150.0,0,400,18.32
42670.0,131.79,150.0,0,400,18.21
42770.0,131.88,150.0,0,400,18.12
42870.0,131.96,150.0,0,400,18.04
42970.0,132.06,150.0,0,400,17.94
43070.0,132.13,150.0,0,400,17.87
43170.0,132.19,150.0,0,400,17.81
43270.0,132.29,150.0,0,400,17.71
43370.0,132.37,150.0,0,400,17.63
43470.0,132.46,150.0,0,400,17.54
43570.0,132.53,150.0,0,400,17.47
43670.0,132.57,150.0,100,400,17.43
43770.0,132.61,150.0,83,400,17.39
43870.0,132.64,150.0,100,400,17.36
43970.0,132.66,150.0,100,400,17.34
44070.0,132.72,150.0,22,400,17.28
44170.0,132.75,150.0,100,400,17.25
44270.0,132.81,150.0,0,400,17.19
44370.0,132.85,150.0,50,400,17.15
44470.0,132.93,150.0,0,400,17.07
44570.0,132.97,150.0,64,400,17.03
44670.0,133.04,150.0,0,400,16.96
44770.0,133.07,150.0,100,400,16.93
44870.0,133.12,150.0,43,400,16.88
44970.0,133.19,150.0,0,400,16.81
45070.0,133.24,150.0,0,400,16.76
45170.0,133.32,150.0,0,400,16.68
45270.0,133.4,150.0,0,400,16.6
45370.0,133.49,150.0,0,400,16.51
45470.0,133.57,150.0,0,400,16.43
45570.0,133.67,150.0,0,400,16.33
45670.0,133.74,150.0,0,400,16.26
45770.0,133.77,150.0,99,400,16.23
45870.0,133.85,150.0,0,400,16.15
45970.0,133.9,150.0,4,400,16.1
46070.0,133.91,150.0,100,400,16.09
46170.0,133.93,150.0,100,400,16.07
46270.0,133.96,150.0,76,400,16.04
46370.0,134.0,150.0,60,400,16.0
46470.0,134.06,150.0,0,400,15.94
46570.0,134.08,150.0,100,400,15.92
46670.0,134.12,150.0,65,400,15.88
46770.0,134.14,150.0,100,400,15.86
46870.0,134.17,150.0,69,400,15.83
46970.0,134.19,150.0,100,400,15.81
47070.0,134.23,150.0,71,400,15.77
47170.0,134.27,150.0,55,400,15.73
47270.0,134.32,150.0,0,400,15.68
47370.0,134.38,150.0,0,400,15.62
47470.0,134.44,150.0,0,400,15.56
47570.0,134.52,150.0,0,400,15.48
47670.0,134.61,150.0,0,400,15.39
47770.0,134.65,150.0,57,400,15.35
47870.0,134.7,150.0,0,400,15.3
47970.0,134.78,150.0,0,400,15.22
48070.0,134.84,150.0,0,400,15.16
48170.0,134.87,150.0,62,400,15.13
48270.0,134.93,150.0,0,400,15.07
48370.0,134.98,150.0,5,400,15.02
48470.0,135.08,150.0,0,400,14.92
48570.0,135.1,150.0,100,400,14.9
48670.0,135.17,150.0,0,400,14.83
48770.0,135.23,150.0,0,400,14.77
48870.0,135.29,150.0,0,400,14.71
48970.0,135.33,150.0,34,400,14.67
49070.0,135.39,150.0,0,400,14.61
49170.0,135.45,150.0,0,400,14.55
49270.0,135.5,150.0,0,400,14.5
49370.0,135.53,150.0,78,400,14.47
49470.0,135.6,150.0,0,400,14.4
49570.0,135.68,150.0,0,400,14.32
49670.0,135.75,150.0,0,400,14.25
49770.0,135.81,150.0,0,400,14.19
49870.0,135.86,150.0,0,400,14.14
49970.0,135.92,150.0,0,400,14.08
50070.0,135.98,150.0,0,400,14.02
50170.0,136.05,150.0,0,400,13.95
50270.0,136.08,150.0,90,400,13.92
50370.0,136.11,150.0,65,400,13.89
50470.0,136.15,150.0,46,400,13.85
50570.0,136.2,150.0,0,400,13.8
50670.0,136.24,150.0,27,400,13.76
50770.0,136.31,150.0,0,400,13.69
50870.0,136.39,150.0,0,400,13.61
50970.0,136.44,150.0,0,400,13.56
51070.0,136.53,150.0,0,400,13.47
51170.0,136.59,150.0,0,400,13.41
51270.0,136.63,150.0,0,400,13.37
51370.0,136.69,150.0,0,400,13.31
51470.0,136.73,150.0,38,400,13.27
51570.0,136.8,150.0,0,400,13.2
51670.0,136.9,150.0,0,400,13.1
51770.0,136.98,150.0,0,400,13.02
51870.0,137.07,150.0,0,400,12.93
51970.0,137.15,150.0,0,400,12.85
52070.0,137.19,150.0,14,400,12.81
52170.0,137.25,150.0,0,400,12.75
52270.0,137.31,150.0,0,400,12.69
52370.0,137.35,150.0,17,400,12.65
52470.0,137.39,150.0,4,400,12.61
52570.0,137.41,150.0,87,400,12.59
52670.0,137.46,150.0,0,400,12.54
52770.0,137.5,150.0,9,400,12.5
52870.0,137.55,150.0,0,400,12.45
52970.0,137.6,150.0,0,400,12.4
53070.0,137.63,150.0,90,400,12.37
53170.0,137.66,150.0,14,400,12.34
53270.0,137.71,150.0,0,400,12.29
53370.0,137.72,150.0,100,400,12.28
53470.0,137.79,150.0,0,400,12.21
53570.0,137.85,150.0,0,400,12.15
53670.0,137.9,150.0,0,400,12.1
53770.0,137.96,150.0,0,400,12.04
53870.0,138.1,150.0,0,400,11.9
53970.0,138.15,150.0,0,400,11.85
54070.0,138.23,150.0,0,400,11.77
54170.0,138.29,150.0,0,400,11.71
54270.0,138.36,150.0,0,400,11.64
54370.0,138.43,150.0,0,400,11.57
54470.0,138.46,150.0,22,400,11.54
54570.0,138.53,150.0,0,400,11.47
54670.0,138.59,150.0,0,400,11.41
54770.0,138.64,150.0,0,400,11.36
54870.0,138.71,150.0,0,400,11.29
54970.0,138.77,150.0,0,400,11.23
55070.0,138.83,150.0,0,400,11.17
55170.0,138.85,150.0,45,400,11.15
55270.0,138.88,150.0,69,400,11.12
55370.0,138.94,150.0,0,400,11.06
55470.0,138.97,150.0,0,400,11.03
55570.0,139.03,150.0,0,400,10.97
55670.0,139.06,150.0,39,400,10.94
55770.0,139.13,150.0,0,400,10.87
55870.0,139.17,150.0,0,400,10.83
55970.0,139.22,150.0,0,400,10.78
56070.0,139.29,150.0,0,400,10.71
56170.0,139.35,150.0,0,400,10.65
56270.0,139.37,150.0,36,400,10.63
56370.0,139.41,150.0,14,400,10.59
56470.0,139.44,150.0,0,400,10.56
56570.0,139.48,150.0,0,400,10.52
56670.0,139.52,150.0,0,400,10.48
56770.0,139.55,150.0,53,400,10.45
56870.0,139.62,150.0,0,400,10.38
56970.0,139.66,150.0,0,400,10.34
57070.0,139.74,150.0,0,400,10.26
57170.0,139.79,150.0,0,400,10.21
57270.0,139.82,150.0,11,400,10.18
57370.0,139.86,150.0,0,400,10.14
57470.0,139.89,150.0,24,400,10.11
57570.0,139.92,150.0,2,400,10.08
57670.0,139.97,150.0,0,400,10.03
57770.0,140.02,150.0,0,400,9.98
57870.0,140.02,150.0,100,400,9.98
57970.0,140.09,150.0,0,400,9.91
58070.0,140.09,150.0,100,400,9.91
58170.0,140.11,150.0,92,400,9.89
58270.0,140.08,150.0,100,400,9.92
58370.0,140.14,150.0,0,400,9.86
58470.0,140.14,150.0,100,400,9.86
58570.0,140.21,150.0,0,400,9.79
58670.0,140.24,150.0,7,400,9.76
58770.0,140.36,150.0,0,400,9.64
58870.0,140.41,150.0,0,400,9.59
58970.0,140.42,150.0,92,400,9.58
59070.0,140.45,150.0,9,400,9.55
59170.0,140.46,150.0,82,400,9.54
59270.0,140.51,150.0,0,400,9.49
59370.0,140.54,150.0,0,400,9.46
59470.0,140.58,150.0,0,400,9.42
59570.0,140.61,150.0,7,400,9.39
59670.0,140.64,150.0,0,400,9.36
59770.0,140.68,150.0,0,400,9.32
59870.0,140.68,150.0,100,400,9.32
59970.0,140.71,150.0,3,400,9.29
60070.0,140.74,150.0,0,400,9.26
60170.0,140.8,150.0,0,400,9.2
60270.0,140.86,150.0,0,400,9.14
60370.0,140.9,150.0,0,400,9.1
60470.0,140.95,150.0,0,400,9.05
60570.0,141.01,150.0,0,400,8.99
60670.0,141.08,150.0,0,400,8.92
60770.0,141.06,150.0,100,400,8.94
60870.0,141.16,150.0,0,400,8.84
60970.0,141.2,150.0,0,400,8.8
61070.0,141.29,150.0,0,400,8.71
61170.0,141.29,150.0,100,400,8.71
61270.0,141.29,150.0,100,400,8.71
61370.0,141.35,150.0,0,400,8.65
61470.0,141.34,150.0,100,400,8.66
61570.0,141.38,150.0,0,400,8.62
61670.0,141.47,150.0,0,400,8.53
61770.0,141.56,150.0,0,400,8.44
61870.0,141.57,150.0,93,400,8.43
61970.0,141.64,150.0,0,400,8.36
62070.0,141.7,150.0,0,400,8.3
62170.0,141.78,150.0,0,400,8.22
62270.0,141.78,150.0,100,400,8.22
62370.0,141.89,150.0,0,400,8.11
62470.0,141.96,150.0,0,400,8.04
62570.0,142.02,150.0,0,400,7.98
62670.0,142.1,150.0,0,400,7.9
62770.0,142.1,150.0,100,400,7.9
62870.0,142.11,150.0,63,400,7.89
62970.0,142.17,150.0,0,400,7.83
63070.0,142.2,150.0,0,400,7.8
63170.0,142.19,150.0,100,400,7.81
63270.0,142.24,150.0,0,400,7.76
63370.0,142.26,150.0,1,400,7.74
63470.0,142.27,150.0,70,400,7.73
63570.0,142.31,150.0,0,400,7.69
63670.0,142.33,150.0,21,400,7.67
63770.0,142.42,150.0,0,400,7.58
63870.0,142.43,150.0,71,400,7.57
63970.0,142.47,150.0,0,400,7.53
64070.0,142.49,150.0,21,400,7.51
64170.0,142.52,150.0,0,400,7.48
64270.0,142.65,150.0,0,400,7.35
64370.0,142.76,150.0,0,400,7.24
64470.0,142.77,150.0,45,400,7.23
64570.0,142.85,150.0,0,400,7.15
64670.0,142.85,150.0,100,400,7.15
64770.0,142.88,150.0,0,400,7.12
64870.0,142.89,150.0,66,400,7.11
64970.0,143.02,150.0,0,400,6.98
65070.0,143.03,150.0,51,400,6.97
65170.0,143.1,150.0,0,400,6.9
65270.0,143.19,150.0,0,400,6.81
65370.0,143.22,150.0,0,400,6.78
65470.0,143.32,150.0,0,400,6.68
65570.0,143.38,150.0,0,400,6.62
65670.0,143.43,150.0,0,400,6.57
65770.0,143.45,150.0,1,400,6.55
65870.0,143.51,150.0,0,400,6.49
65970.0,143.59,150.0,0,400,6.41
66070.0,143.64,150.0,0,400,6.36
66170.0,143.66,150.0,2,400,6.34
66270.0,143.73,150.0,0,400,6.27
66370.0,143.79,150.0,0,400,6.21
66470.0,143.86,150.0,0,400,6.14
66570.0,143.87,150.0,62,400,6.13
66670.0,143.95,150.0,0,400,6.05
66770.0,143.97,150.0,0,400,6.03
66870.0,144.0,150.0,0,400,6.0
66970.0,144.08,150.0,0,400,5.92
67070.0,144.09,150.0,74,400,5.91
67170.0,144.09,150.0,77,400,5.91
67270.0,144.15,150.0,0,400,5.85
67370.0,144.17,150.0,0,400,5.83
67470.0,144.21,150.0,0,400,5.79
67570.0,144.27,150.0,0,400,5.73
67670.0,144.27,150.0,54,400,5.73
67770.0,144.28,150.0,60,400,5.72
67870.0,144.36,150.0,0,400,5.64
67970.0,144.44,150.0,0,400,5.56
68070.0,144.54,150.0,0,400,5.46
68170.0,144.62,150.0,0,400,5.38
68270.0,144.65,150.0,0,400,5.35
68370.0,144.68,150.0,0,400,5.32
68470.0,144.7,150.0,11,400,5.3
68570.0,144.78,150.0,0,400,5.22
68670.0,144.84,150.0,0,400,5.16
68770.0,144.9,150.0,0,400,5.1
68870.0,144.96,150.0,0,400,5.04
68970.0,144.99,150.0,0,400,5.01
69070.0,145.03,150.0,0,400,4.97
69170.0,145.09,150.0,0,400,4.91
69270.0,145.12,150.0,0,400,4.88
69370.0,145.13,150.0,35,400,4.87
69470.0,145.21,150.0,0,400,4.79
69570.0,145.28,150.0,0,400,4.72
69670.0,145.29,150.0,38,400,4.71
69770.0,145.29,150.0,44,400,4.71
69870.0,145.36,150.0,0,400,4.64
69970.0,145.41,150.0,0,400,4.59
70070.0,145.48,150.0,0,400,4.52
70170.0,145.51,150.0,0,400,4.49
70270.0,145.51,150.0,59,400,4.49
70370.0,145.56,150.0,0,400,4.44
70470.0,145.56,150.0,61,400,4.44
70570.0,145.56,150.0,62,400,4.44
70670.0,145.56,150.0,63,400,4.44
70770.0,145.56,150.0,100,400,4.44
70870.0,145.63,150.0,0,400,4.37
70970.0,145.63,150.0,74,400,4.37
71070.0,145.71,150.0,0,400,4.29
71170.0,145.74,150.0,0,400,4.26
71270.0,145.71,150.0,100,400,4.29
71370.0,145.77,150.0,0,400,4.23
71470.0,145.81,150.0,0,400,4.19
71570.0,145.84,150.0,0,400,4.16
71670.0,145.84,150.0,80,400,4.16
71770.0,145.9,150.0,0,400,4.1
71870.0,145.97,150.0,0,400,4.03
71970.0,145.97,150.0,56,400,4.03
72070.0,146.05,150.0,0,400,3.95
72170.0,146.13,150.0,0,400,3.87
72270.0,146.11,150.0,100,400,3.89
72370.0,146.17,150.0,0,400,3.83
72470.0,146.18,150.0,14,400,3.82
72570.0,146.24,150.0,0,400,3.76
72670.0,146.26,150.0,0,400,3.74
72770.0,146.28,150.0,0,400,3.72
72870.0,146.36,150.0,0,400,3.64
72970.0,146.34,150.0,100,400,3.66
73070.0,146.36,150.0,0,400,3.64
73170.0,146.4,150.0,0,400,3.6
73270.0,146.47,150.0,0,400,3.53
73370.0,146.5,150.0,0,400,3.5
73470.0,146.48,150.0,100,400,3.52
73570.0,146.61,150.0,0,400,3.39
73670.0,146.63,150.0,0,400,3.37
73770.0,146.69,150.0,0,400,3.31
73870.0,146.7,150.0,0,400,3.3
73970.0,146.74,150.0,0,400,3.26
74070.0,146.79,150.0,0,400,3.21
74170.0,146.81,150.0,0,400,3.19
74270.0,146.88,150.0,0,400,3.12
74370.0,146.89,150.0,8,400,3.11
74470.0,146.93,150.0,0,400,3.07
74570.0,146.97,150.0,0,400,3.03
74670.0,147.0,150.0,0,400,3.0
74770.0,147.04,150.0,0,400,2.96
74870.0,147.08,150.0,0,400,2.92
74970.0,147.14,150.0,0,400,2.86
75070.0,147.17,150.0,0,400,2.83
75170.0,147.2,150.0,0,400,2.8
75270.0,147.23,150.0,0,400,2.77
75370.0,147.23,150.0,48,400,2.77
75470.0,147.25,150.0,0,400,2.75
75570.0,147.23,150.0,100,400,2.77
75670.0,147.26,150.0,0,400,2.74
75770.0,147.3,150.0,0,400,2.7
75870.0,147.36,150.0,0,400,2.64
75970.0,147.41,150.0,0,400,2.59
76070.0,147.41,150.0,28,400,2.59
76170.0,147.5,150.0,0,400,2.5
76270.0,147.52,150.0,0,400,2.48
76370.0,147.59,150.0,0,400,2.41
76470.0,147.61,150.0,0,400,2.39
76570.0,147.62,150.0,0,400,2.38
76670.0,147.64,150.0,0,400,2.36
76770.0,147.7,150.0,0,400,2.3
76870.0,147.77,150.0,0,400,2.23
76970.0,147.83,150.0,0,400,2.17
77070.0,147.83,150.0,45,400,2.17
77170.0,147.86,150.0,0,400,2.14
77270.0,147.92,150.0,0,400,2.08
77370.0,147.94,150.0,0,400,2.06
77470.0,147.96,150.0,0,400,2.04
77570.0,148.07,150.0,0,400,1.93
77670.0,148.03,150.0,100,400,1.97
77770.0,148.05,150.0,0,400,1.95
77870.0,148.06,150.0,15,400,1.94
77970.0,148.1,150.0,0,400,1.9
78070.0,148.15,150.0,0,400,1.85
78170.0,148.14,150.0,56,400,1.86
78270.0,148.17,150.0,0,400,1.83
78370.0,148.26,150.0,0,400,1.74
78470.0,148.3,150.0,0,400,1.7
78570.0,148.32,150.0,0,400,1.68
78670.0,148.36,150.0,0,400,1.64
78770.0,148.36,150.0,16,400,1.64
78870.0,148.38,150.0,0,400,1.62
78970.0,148.42,150.0,0,400,1.58
79070.0,148.49,150.0,0,400,1.51
79170.0,148.53,150.0,0,400,1.47
79270.0,148.56,150.0,0,400,1.44
79370.0,148.57,150.0,21,400,1.43
79470.0,148.6,150.0,0,400,1.4
79570.0,148.6,150.0,54,400,1.4
79670.0,148.65,150.0,0,400,1.35
79770.0,148.7,150.0,0,400,1.3
79870.0,148.74,150.0,0,400,1.26
79970.0,148.76,150.0,0,400,1.24
80070.0,148.8,150.0,0,400,1.2
80170.0,148.77,150.0,100,400,1.23
80270.0,148.75,150.0,100,400,1.25
80370.0,148.79,150.0,0,400,1.21
80470.0,148.8,150.0,0,400,1.2
80570.0,148.8,150.0,5,400,1.2
80670.0,148.8,150.0,56,400,1.2
80770.0,148.87,150.0,0,400,1.13
80870.0,148.87,150.0,20,400,1.13
80970.0,148.89,150.0,0,400,1.11
81070.0,148.93,150.0,0,400,1.07
81170.0,148.99,150.0,0,400,1.01
81270.0,148.96,150.0,100,400,1.04
81370.0,148.96,150.0,12,400,1.04
81470.0,148.93,150.0,100,400,1.07
81570.0,148.99,150.0,0,400,1.01
81670.0,149.06,150.0,0,400,0.94
81770.0,149.05,150.0,54,400,0.95
81870.0,149.02,150.0,100,400,0.98
81970.0,149.02,150.0,20,400,0.98
82070.0,149.09,150.0,0,400,0.91
82170.0,149.08,150.0,86,400,0.92
82270.0,149.15,150.0,0,400,0.85
82370.0,149.11,150.0,100,400,0.89
82470.0,149.12,150.0,0,400,0.88
82570.0,149.12,150.0,22,400,0.88
82670.0,149.17,150.0,0,400,0.83
82770.0,149.2,150.0,0,400,0.8
82870.0,149.18,150.0,89,400,0.82
82970.0,149.18,150.0,32,400,0.82
83070.0,149.24,150.0,0,400,0.76
83170.0,149.24,150.0,40,400,0.76
83270.0,149.3,150.0,0,400,0.7
83370.0,149.37,150.0,0,400,0.63
83470.0,149.37,150.0,22,400,0.63
83570.0,149.37,150.0,69,400,0.63
83670.0,149.39,150.0,0,400,0.61
83770.0,149.46,150.0,0,400,0.54
83870.0,149.53,150.0,0,400,0.47
83970.0,149.5,150.0,100,400,0.5
84070.0,149.49,150.0,91,400,0.51
84170.0,149.48,150.0,78,400,0.52
84270.0,149.49,150.0,0,400,0.51
84370.0,149.49,150.0,0,400,0.51
84470.0,149.57,150.0,0,400,0.43
84570.0,149.59,150.0,0,400,0.41
84670.0,149.62,150.0,0,400,0.38
84770.0,149.69,150.0,0,400,0.31
84870.0,149.71,150.0,0,400,0.29
84970.0,149.76,150.0,0,400,0.24
85070.0,149.81,150.0,0,400,0.19
85170.0,149.81,150.0,2,400,0.19
85270.0,149.87,150.0,0,400,0.13
85370.0,149.95,150.0,0,400,0.05
85470.0,150.03,150.0,0,400,-0.03
85570.0,150.07,150.0,0,400,-0.07
85670.0,150.13,150.0,0,400,-0.13
85770.0,150.14,150.0,0,400,-0.14
85870.0,150.18,150.0,0,400,-0.18
85970.0,150.19,150.0,0,400,-0.19
86070.0,150.25,150.0,0,400,-0.25
86170.0,150.32,150.0,0,400,-0.32
86270.0,150.3,150.0,78,400,-0.3
86370.0,150.32,150.0,0,400,-0.32
86470.0,150.36,150.0,0,400,-0.36
86570.0,150.39,150.0,0,400,-0.39
86670.0,150.39,150.0,7,400,-0.39
86770.0,150.45,150.0,0,400,-0.45
86870.0,150.45,150.0,0,400,-0.45
86970.0,150.46,150.0,0,400,-0.46
87070.0,150.45,150.0,20,400,-0.45
87170.0,150.46,150.0,0,400,-0.46
87270.0,150.52,150.0,0,400,-0.52
87370.0,150.56,150.0,0,400,-0.56
87470.0,150.62,150.0,0,400,-0.62
87570.0,150.68,150.0,0,400,-0.68
87670.0,150.75,150.0,0,400,-0.75
87770.0,150.74,150.0,11,400,-0.74
87870.0,150.8,150.0,0,400,-0.8
87970.0,150.77,150.0,100,400,-0.77
88070.0,150.77,150.0,0,400,-0.77
88170.0,150.79,150.0,0,400,-0.79
88270.0,150.81,150.0,0,400,-0.81
88370.0,150.86,150.0,0,400,-0.86
88470.0,150.89,150.0,0,400,-0.89
88570.0,150.89,150.0,5,400,-0.89
88670.0,150.9,150.0,0,400,-0.9
88770.0,150.96,150.0,0,400,-0.96
88870.0,150.99,150.0,0,400,-0.99
88970.0,151.04,150.0,0,400,-1.04
89070.0,151.13,150.0,0,400,-1.13
89170.0,151.16,150.0,0,400,-1.16
89270.0,151.2,150.0,0,400,-1.2
89370.0,151.22,150.0,0,400,-1.22
89470.0,151.31,150.0,0,400,-1.31
89570.0,151.38,150.0,0,400,-1.38
89670.0,151.41,150.0,0,400,-1.41
89770.0,151.41,150.0,0,400,-1.41
89870.0,151.48,150.0,0,400,-1.48
89970.0,151.48,150.0,0,400,-1.48
90070.0,151.49,150.0,0,400,-1.49
90170.0,151.49,150.0,0,400,-1.49
90270.0,151.59,150.0,0,400,-1.59
90370.0,151.62,150.0,0,400,-1.62
90470.0,151.68,150.0,0,400,-1.68
90570.0,151.73,150.0,0,400,-1.73
90670.0,151.71,150.0,73,400,-1.71
90770.0,151.68,150.0,99,400,-1.68
90870.0,151.67,150.0,29,400,-1.67
90970.0,151.66,150.0,18,400,-1.66
91070.0,151.65,150.0,10,400,-1.65
91170.0,151.73,150.0,0,400,-1.73
91270.0,151.73,150.0,0,400,-1.73
91370.0,151.76,150.0,0,400,-1.76
91470.0,151.75,150.0,9,400,-1.75
91570.0,151.8,150.0,0,400,-1.8
91670.0,151.86,150.0,0,400,-1.86
91770.0,151.83,150.0,100,400,-1.83
91870.0,151.9,150.0,0,400,-1.9
91970.0,151.91,150.0,0,400,-1.91
92070.0,151.97,150.0,0,400,-1.97
92170.0,151.94,150.0,100,400,-1.94
92270.0,151.91,150.0,100,400,-1.91
92370.0,151.89,150.0,53,400,-1.89
92470.0,151.93,150.0,0,400,-1.93
92570.0,151.96,150.0,0,400,-1.96
92670.0,151.95,150.0,10,400,-1.95
92770.0,151.99,150.0,0,400,-1.99
92870.0,152.01,150.0,0,400,-2.01
92970.0,152.04,150.0,0,400,-2.04
93070.0,152.09,150.0,0,400,-2.09
93170.0,152.13,150.0,0,400,-2.13
93270.0,152.16,150.0,0,400,-2.16
93370.0,152.16,150.0,0,400,-2.16
93470.0,152.12,150.0,100,400,-2.12
93570.0,152.15,150.0,0,400,-2.15
93670.0,152.16,150.0,0,400,-2.16
93770.0,152.18,150.0,0,400,-2.18
93870.0,152.14,150.0,100,400,-2.14
93970.0,152.13,150.0,0,400,-2.13
94070.0,152.17,150.0,0,400,-2.17
94170.0,152.19,150.0,0,400,-2.19
94270.0,152.25,150.0,0,400,-2.25
94370.0,152.25,150.0,0,400,-2.25
94470.0,152.29,150.0,0,400,-2.29
94570.0,152.29,150.0,0,400,-2.29
94670.0,152.25,150.0,100,400,-2.25
94770.0,152.24,150.0,0,400,-2.24
94870.0,152.29,150.0,0,400,-2.29
94970.0,152.26,150.0,100,400,-2.26
95070.0,152.24,150.0,51,400,-2.24
95170.0,152.22,150.0,34,400,-2.22
95270.0,152.25,150.0,0,400,-2.25
95370.0,152.25,150.0,0,400,-2.25
95470.0,152.28,150.0,0,400,-2.28
95570.0,152.28,150.0,0,400,-2.28
95670.0,152.28,150.0,0,400,-2.28
95770.0,152.27,150.0,0,400,-2.27
95870.0,152.35,150.0,0,400,-2.35
95970.0,152.39,150.0,0,400,-2.39
96070.0,152.41,150.0,0,400,-2.41
96170.0,152.44,150.0,0,400,-2.44
96270.0,152.48,150.0,0,400,-2.48
96370.0,152.46,150.0,70,400,-2.46
96470.0,152.5,150.0,0,400,-2.5
96570.0,152.57,150.0,0,400,-2.57
96670.0,152.56,150.0,15,400,-2.56
96770.0,152.55,150.0,4,400,-2.55
96870.0,152.62,150.0,0,400,-2.62
96970.0,152.64,150.0,0,400,-2.64
97070.0,152.67,150.0,0,400,-2.67
97170.0,152.63,150.0,100,400,-2.63
97270.0,152.62,150.0,0,400,-2.62
97370.0,152.58,150.0,100,400,-2.58
97470.0,152.66,150.0,0,400,-2.66
97570.0,152.71,150.0,0,400,-2.71
97670.0,152.69,150.0,47,400,-2.69
97770.0,152.73,150.0,0,400,-2.73
97870.0,152.83,150.0,0,400,-2.83
97970.0,152.89,150.0,0,400,-2.89
98070.0,152.92,150.0,0,400,-2.92
98170.0,152.9,150.0,59,400,-2.9
98270.0,152.89,150.0,0,400,-2.89
98370.0,152.97,150.0,0,400,-2.97
98470.0,152.94,150.0,100,400,-2.94
98570.0,153.0,150.0,0,400,-3.0
98670.0,153.01,150.0,0,400,-3.01
98770.0,153.03,150.0,0,400,-3.03
98870.0,153.08,150.0,0,400,-3.08
98970.0,153.13,150.0,0,400,-3.13
99070.0,153.08,150.0,100,400,-3.08
99170.0,153.1,150.0,0,400,-3.1
99270.0,153.12,150.0,0,400,-3.12
99370.0,153.1,150.0,11,400,-3.1
99470.0,153.09,150.0,0,400,-3.09
99570.0,153.18,150.0,0,400,-3.18
99670.0,153.21,150.0,0,400,-3.21
99770.0,153.19,150.0,48,400,-3.19
99870.0,153.21,150.0,0,400,-3.21
99970.0,153.28,150.0,0,400,-3.28
100070.0,153.29,150.0,0,400,-3.29
100170.0,153.27,150.0,32,400,-3.27
100270.0,153.27,150.0,0,400,-3.27
100370.0,153.34,150.0,0,400,-3.34
100470.0,153.36,150.0,0,400,-3.36
100570.0,153.37,150.0,0,400,-3.37
100670.0,153.36,150.0,0,400,-3.36
100770.0,153.39,150.0,0,400,-3.39
100870.0,153.4,150.0,0,400,-3.4
100970.0,153.45,150.0,0,400,-3.45
101070.0,153.49,150.0,0,400,-3.49
101170.0,153.48,150.0,0,400,-3.48
101270.0,153.5,150.0,0,400,-3.5
101370.0,153.49,150.0,0,400,-3.49
101470.0,153.48,150.0,0,400,-3.48
101570.0,153.48,150.0,0,400,-3.48
101670.0,153.53,150.0,0,400,-3.53
101770.0,153.54,150.0,0,400,-3.54
101870.0,153.56,150.0,0,400,-3.56
101970.0,153.58,150.0,0,400,-3.58
102070.0,153.64,150.0,0,400,-3.64
102170.0,153.6,150.0,100,400,-3.6
102270.0,153.59,150.0,0,400,-3.59
102370.0,153.61,150.0,0,400,-3.61
102470.0,153.64,150.0,0,400,-3.64
102570.0,153.69,150.0,0,400,-3.69
102670.0,153.69,150.0,0,400,-3.69
102770.0,153.67,150.0,30,400,-3.67
102870.0,153.67,150.0,0,400,-3.67
102970.0,153.71,150.0,0,400,-3.71
103070.0,153.69,150.0,48,400,-3.69
103170.0,153.75,150.0,0,400,-3.75
103270.0,153.79,150.0,0,400,-3.79
103370.0,153.83,150.0,0,400,-3.83
103470.0,153.82,150.0,0,400,-3.82
103570.0,153.85,150.0,0,400,-3.85
103670.0,153.87,150.0,0,400,-3.87
103770.0,153.88,150.0,0,400,-3.88
103870.0,153.87,150.0,0,400,-3.87
103970.0,153.87,150.0,0,400,-3.87
104070.0,153.9,150.0,0,400,-3.9
104170.0,153.95,150.0,0,400,-3.95
104270.0,153.95,150.0,0,400,-3.95
104370.0,154.01,150.0,0,400,-4.01
104470.0,153.99,150.0,0,400,-3.99
104570.0,153.98,150.0,0,400,-3.98
104670.0,153.97,150.0,21,400,-3.97
104770.0,153.96,150.0,0,400,-3.96
104870.0,153.93,150.0,90,400,-3.93
104970.0,153.89,150.0,100,400,-3.89
105070.0,153.95,150.0,0,400,-3.95
105170.0,153.95,150.0,0,400,-3.95
105270.0,153.98,150.0,0,400,-3.98
105370.0,154.03,150.0,0,400,-4.03
105470.0,154.08,150.0,0,400,-4.08
105570.0,154.06,150.0,19,400,-4.06
105670.0,154.09,150.0,0,400,-4.09
105770.0,154.13,150.0,0,400,-4.13
105870.0,154.12,150.0,0,400,-4.12
105970.0,154.12,150.0,0,400,-4.12
106070.0,154.16,150.0,0,400,-4.16
106170.0,154.18,150.0,0,400,-4.18
106270.0,154.13,150.0,100,400,-4.13
106370.0,154.18,150.0,0,400,-4.18
106470.0,154.16,150.0,18,400,-4.16
106570.0,154.17,150.0,0,400,-4.17
106670.0,154.19,150.0,0,400,-4.19
106770.0,154.16,150.0,73,400,-4.16
106870.0,154.22,150.0,0,400,-4.22
106970.0,154.24,150.0,0,400,-4.24
107070.0,154.16,150.0,100,400,-4.16
107170.0,154.15,150.0,1,400,-4.15
107270.0,154.18,150.0,0,400,-4.18
107370.0,154.21,150.0,0,400,-4.21
107470.0,154.2,150.0,0,400,-4.2
107570.0,154.21,150.0,0,400,-4.21
107670.0,154.2,150.0,1,400,-4.2
107770.0,154.22,150.0,0,400,-4.22
107870.0,154.22,150.0,0,400,-4.22
107970.0,154.2,150.0,8,400,-4.2
108070.0,154.24,150.0,0,400,-4.24
108170.0,154.28,150.0,0,400,-4.28
108270.0,154.33,150.0,0,400,-4.33
108370.0,154.3,150.0,62,400,-4.3
108470.0,154.32,150.0,0,400,-4.32
108570.0,154.35,150.0,0,400,-4.35
108670.0,154.33,150.0,37,400,-4.33
108770.0,154.31,150.0,17,400,-4.31
108870.0,154.3,150.0,1,400,-4.3
108970.0,154.29,150.0,0,400,-4.29
109070.0,154.34,150.0,0,400,-4.34
109170.0,154.37,150.0,0,400,-4.37
109270.0,154.36,150.0,0,400,-4.36
109370.0,154.31,150.0,100,400,-4.31
109470.0,154.26,150.0,100,400,-4.26
109570.0,154.28,150.0,0,400,-4.28
109670.0,154.3,150.0,0,400,-4.3
109770.0,154.3,150.0,0,400,-4.3
109870.0,154.38,150.0,0,400,-4.38
109970.0,154.35,150.0,100,400,-4.35
110070.0,154.32,150.0,30,400,-4.32
110170.0,154.36,150.0,0,400,-4.36
110270.0,154.34,150.0,0,400,-4.34
110370.0,154.4,150.0,0,400,-4.4
110470.0,154.46,150.0,0,400,-4.46
110570.0,154.52,150.0,0,400,-4.52
110670.0,154.54,150.0,0,400,-4.54
110770.0,154.51,150.0,74,400,-4.51
110870.0,154.49,150.0,46,400,-4.49
110970.0,154.48,150.0,0,400,-4.48
111070.0,154.46,150.0,14,400,-4.46
111170.0,154.48,150.0,0,400,-4.48
111270.0,154.44,150.0,100,400,-4.44
111370.0,154.5,150.0,0,400,-4.5
111470.0,154.52,150.0,0,400,-4.52
111570.0,154.46,150.0,100,400,-4.46
111670.0,154.5,150.0,0,400,-4.5
111770.0,154.52,150.0,0,400,-4.52
111870.0,154.47,150.0,100,400,-4.47
111970.0,154.51,150.0,0,400,-4.51
112070.0,154.51,150.0,0,400,-4.51
112170.0,154.51,150.0,0,400,-4.51
112270.0,154.53,150.0,0,400,-4.53
112370.0,154.56,150.0,0,400,-4.56
112470.0,154.59,150.0,0,400,-4.59
112570.0,154.55,150.0,100,400,-4.55
112670.0,154.64,150.0,0,400,-4.64
112770.0,154.59,150.0,100,400,-4.59
112870.0,154.59,150.0,0,400,-4.59
112970.0,154.66,150.0,0,400,-4.66
113070.0,154.71,150.0,0,400,-4.71
113170.0,154.67,150.0,85,400,-4.67
113270.0,154.65,150.0,54,400,-4.65
113370.0,154.63,150.0,0,400,-4.63
113470.0,154.66,150.0,0,400,-4.66
113570.0,154.66,150.0,0,400,-4.66
113670.0,154.66,150.0,0,400,-4.66
113770.0,154.68,150.0,0,400,-4.68
113870.0,154.67,150.0,0,400,-4.67
113970.0,154.75,150.0,0,400,-4.75
114070.0,154.75,150.0,0,400,-4.75
114170.0,154.78,150.0,0,400,-4.78
114270.0,154.8,150.0,0,400,-4.8
114370.0,154.83,150.0,0,400,-4.83
114470.0,154.86,150.0,0,400,-4.86
114570.0,154.89,150.0,0,400,-4.89
114670.0,154.92,150.0,0,400,-4.92
114770.0,154.91,150.0,0,400,-4.91
114870.0,154.89,150.0,43,400,-4.89
114970.0,154.97,150.0,0,400,-4.97
115070.0,154.98,150.0,0,400,-4.98
115170.0,154.95,150.0,63,400,-4.95
115270.0,154.97,150.0,0,400,-4.97
115370.0,154.95,150.0,5,400,-4.95
115470.0,155.03,150.0,0,400,-5.03
115570.0,155.04,150.0,0,400,-5.04
115670.0,155.0,150.0,64,400,-5.0
115770.0,155.01,150.0,0,400,-5.01
115870.0,155.01,150.0,0,400,-5.01
115970.0,155.06,150.0,0,400,-5.06
116070.0,155.05,150.0,0,400,-5.05
116170.0,155.07,150.0,0,400,-5.07
116270.0,155.08,150.0,0,400,-5.08
116370.0,155.09,150.0,0,400,-5.09
116470.0,155.1,150.0,0,400,-5.1
116570.0,155.14,150.0,0,400,-5.14
116670.0,155.16,150.0,0,400,-5.16
116770.0,155.18,150.0,0,400,-5.18
116870.0,155.25,150.0,0,400,-5.25
116970.0,155.29,150.0,0,400,-5.29
117070.0,155.33,150.0,0,400,-5.33
117170.0,155.32,150.0,0,400,-5.32
117270.0,155.32,150.0,0,400,-5.32
117370.0,155.31,150.0,0,400,-5.31
117470.0,155.36,150.0,0,400,-5.36
117570.0,155.33,150.0,43,400,-5.33
117670.0,155.38,150.0,0,400,-5.38
117770.0,155.36,150.0,16,400,-5.36
117870.0,155.34,150.0,0,400,-5.34
117970.0,155.38,150.0,0,400,-5.38
118070.0,155.41,150.0,0,400,-5.41
118170.0,155.47,150.0,0,400,-5.47
118270.0,155.5,150.0,0,400,-5.5
118370.0,155.56,150.0,0,400,-5.56
118470.0,155.59,150.0,0,400,-5.59
118570.0,155.62,150.0,0,400,-5.62
118670.0,155.64,150.0,0,400,-5.64
118770.0,155.65,150.0,0,400,-5.65
118870.0,155.68,150.0,0,400,-5.68
118970.0,155.64,150.0,100,400,-5.64
119070.0,155.65,150.0,0,400,-5.65
119170.0,155.68,150.0,0,400,-5.68
119270.0,155.64,150.0,100,400,-5.64
119370.0,155.65,150.0,0,400,-5.65
119470.0,155.68,150.0,0,400,-5.68
119570.0,155.69,150.0,0,400,-5.69
119670.0,155.72,150.0,0,400,-5.72
119770.0,155.73,150.0,0,400,-5.73
119870.0,155.75,150.0,0,400,-5.75
119970.0,155.69,150.0,100,400,-5.69
120070.0,155.71,150.0,0,400,-5.71
120170.0,155.72,150.0,0,400,-5.72
120270.0,155.7,150.0,5,400,-5.7
120370.0,155.72,150.0,0,400,-5.72
120470.0,155.68,150.0,96,400,-5.68
120570.0,155.67,150.0,0,400,-5.67
120670.0,155.65,150.0,5,400,-5.65
120770.0,155.69,150.0,0,400,-5.69
120870.0,155.68,150.0,0,400,-5.68
120970.0,155.69,150.0,0,400,-5.69
121070.0,155.69,150.0,0,400,-5.69
121170.0,155.75,150.0,0,400,-5.75
121270.0,155.72,150.0,28,400,-5.72
121370.0,155.73,150.0,0,400,-5.73
121470.0,155.74,150.0,0,400,-5.74
121570.0,155.72,150.0,0,400,-5.72
121670.0,155.69,150.0,53,400,-5.69
121770.0,155.7,150.0,0,400,-5.7
121870.0,155.76,150.0,0,400,-5.76
121970.0,155.74,150.0,0,400,-5.74
122070.0,155.77,150.0,0,400,-5.77
122170.0,155.75,150.0,2,400,-5.75
122270.0,155.77,150.0,0,400,-5.77
122370.0,155.82,150.0,0,400,-5.82
122470.0,155.82,150.0,0,400,-5.82
122570.0,155.8,150.0,3,400,-5.8
122670.0,155.83,150.0,0,400,-5.83
122770.0,155.82,150.0,0,400,-5.82
122870.0,155.82,150.0,0,400,-5.82
122970.0,155.79,150.0,47,400,-5.79
123070.0,155.79,150.0,0,400,-5.79
123170.0,155.83,150.0,0,400,-5.83
123270.0,155.84,150.0,0,400,-5.84
123370.0,155.9,150.0,0,400,-5.9
123470.0,155.88,150.0,0,400,-5.88
123570.0,155.85,150.0,61,400,-5.85
123670.0,155.94,150.0,0,400,-5.94
123770.0,156.03,150.0,0,400,-6.03
123870.0,155.98,150.0,98,400,-5.98
123970.0,156.05,150.0,0,400,-6.05
124070.0,156.1,150.0,0,400,-6.1
124170.0,156.16,150.0,0,400,-6.16
124270.0,156.2,150.0,0,400,-6.2
124370.0,156.19,150.0,0,400,-6.19
124470.0,156.23,150.0,0,400,-6.23
124570.0,156.18,150.0,98,400,-6.18
124670.0,156.19,150.0,0,400,-6.19
124770.0,156.2,150.0,0,400,-6.2
124870.0,156.18,150.0,0,400,-6.18
124970.0,156.21,150.0,0,400,-6.21
125070.0,156.19,150.0,0,400,-6.19
125170.0,156.2,150.0,0,400,-6.2
125270.0,156.25,150.0,0,400,-6.25
125370.0,156.25,150.0,0,400,-6.25
125470.0,156.31,150.0,0,400,-6.31
125570.0,156.34,150.0,0,400,-6.34
125670.0,156.34,150.0,0,400,-6.34
125770.0,156.36,150.0,0,400,-6.36
125870.0,156.34,150.0,0,400,-6.34
125970.0,156.36,150.0,0,400,-6.36
126070.0,156.35,150.0,0,400,-6.35
126170.0,156.35,150.0,0,400,-6.35
126270.0,156.35,150.0,0,400,-6.35
126370.0,156.35,150.0,0,400,-6.35
126470.0,156.38,150.0,0,400,-6.38
126570.0,156.4,150.0,0,400,-6.4
126670.0,156.42,150.0,0,400,-6.42
126770.0,156.45,150.0,0,400,-6.45
126870.0,156.5,150.0,0,400,-6.5
126970.0,156.48,150.0,0,400,-6.48
127070.0,156.48,150.0,0,400,-6.48
127170.0,156.5,150.0,0,400,-6.5
127270.0,156.5,150.0,0,400,-6.5
127370.0,156.5,150.0,0,400,-6.5
127470.0,156.55,150.0,0,400,-6.55
127570.0,156.57,150.0,0,400,-6.57
127670.0,156.57,150.0,0,400,-6.57
127770.0,156.58,150.0,0,400,-6.58
127870.0,156.6,150.0,0,400,-6.6
127970.0,156.57,150.0,29,400,-6.57
128070.0,156.62,150.0,0,400,-6.62
128170.0,156.62,150.0,0,400,-6.62
128270.0,156.65,150.0,0,400,-6.65
128370.0,156.62,150.0,30,400,-6.62
128470.0,156.62,150.0,0,400,-6.62
128570.0,156.61,150.0,0,400,-6.61
128670.0,156.59,150.0,0,400,-6.59
128770.0,156.59,150.0,0,400,-6.59
128870.0,156.63,150.0,0,400,-6.63
128970.0,156.62,150.0,0,400,-6.62
129070.0,156.62,150.0,0,400,-6.62
129170.0,156.62,150.0,0,400,-6.62
129270.0,156.66,150.0,0,400,-6.66
129370.0,156.71,150.0,0,400,-6.71
129470.0,156.73,150.0,0,400,-6.73
129570.0,156.72,150.0,0,400,-6.72
129670.0,156.73,150.0,0,400,-6.73
129770.0,156.71,150.0,0,400,-6.71
129870.0,156.73,150.0,0,400,-6.73
129970.0,156.75,150.0,0,400,-6.75
130070.0,156.73,150.0,0,400,-6.73
130170.0,156.75,150.0,0,400,-6.75
130270.0,156.78,150.0,0,400,-6.78
130370.0,156.75,150.0,10,400,-6.75
130470.0,156.75,150.0,0,400,-6.75
130570.0,156.76,150.0,0,400,-6.76
130670.0,156.74,150.0,0,400,-6.74
130770.0,156.72,150.0,0,400,-6.72
130870.0,156.71,150.0,0,400,-6.71
130970.0,156.69,150.0,0,400,-6.69
131070.0,156.7,150.0,0,400,-6.7
131170.0,156.71,150.0,0,400,-6.71
131270.0,156.75,150.0,0,400,-6.75
131370.0,156.73,150.0,0,400,-6.73
131470.0,156.74,150.0,0,400,-6.74
131570.0,156.73,150.0,0,400,-6.73
131670.0,156.77,150.0,0,400,-6.77
131770.0,156.75,150.0,0,400,-6.75
131870.0,156.73,150.0,0,400,-6.73
131970.0,156.72,150.0,0,400,-6.72
132070.0,156.73,150.0,0,400,-6.73
132170.0,156.71,150.0,17,400,-6.71
132270.0,156.67,150.0,82,400,-6.67
132370.0,156.67,150.0,0,400,-6.67
132470.0,156.66,150.0,0,400,-6.66
132570.0,156.65,150.0,0,400,-6.65
132670.0,156.65,150.0,0,400,-6.65
132770.0,156.66,150.0,0,400,-6.66
132870.0,156.68,150.0,0,400,-6.68
132970.0,156.66,150.0,0,400,-6.66
133070.0,156.66,150.0,0,400,-6.66
133170.0,156.66,150.0,0,400,-6.66
133270.0,156.64,150.0,0,400,-6.64
133370.0,156.6,150.0,65,400,-6.6
133470.0,156.59,150.0,0,400,-6.59
133570.0,156.63,150.0,0,400,-6.63
133670.0,156.67,150.0,0,400,-6.67
133770.0,156.68,150.0,0,400,-6.68
133870.0,156.69,150.0,0,400,-6.69
133970.0,156.65,150.0,64,400,-6.65
134070.0,156.67,150.0,0,400,-6.67
134170.0,156.67,150.0,0,400,-6.67
134270.0,156.64,150.0,2,400,-6.64
134370.0,156.62,150.0,26,400,-6.62
134470.0,156.6,150.0,0,400,-6.6
134570.0,156.59,150.0,0,400,-6.59
134670.0,156.58,150.0,0,400,-6.58
134770.0,156.56,150.0,0,400,-6.56
134870.0,156.55,150.0,0,400,-6.55
134970.0,156.58,150.0,0,400,-6.58
135070.0,156.59,150.0,0,400,-6.59
135170.0,156.58,150.0,0,400,-6.58
135270.0,156.59,150.0,0,400,-6.59
135370.0,156.59,150.0,0,400,-6.59
135470.0,156.58,150.0,0,400,-6.58
135570.0,156.56,150.0,0,400,-6.56
135670.0,156.57,150.0,0,400,-6.57
135770.0,156.57,150.0,0,400,-6.57
135870.0,156.57,150.0,0,400,-6.57
135970.0,156.55,150.0,0,400,-6.55
136070.0,156.5,150.0,100,400,-6.5
136170.0,156.55,150.0,0,400,-6.55
136270.0,156.5,150.0,100,400,-6.5
136370.0,156.54,150.0,0,400,-6.54
136470.0,156.48,150.0,100,400,-6.48
136570.0,156.55,150.0,0,400,-6.55
136670.0,156.51,150.0,77,400,-6.51
136770.0,156.49,150.0,0,400,-6.49
136870.0,156.46,150.0,23,400,-6.46
136970.0,156.46,150.0,0,400,-6.46
137070.0,156.45,150.0,0,400,-6.45
137170.0,156.46,150.0,0,400,-6.46
137270.0,156.44,150.0,0,400,-6.44
137370.0,156.42,150.0,0,400,-6.42
137470.0,156.4,150.0,8,400,-6.4
137570.0,156.4,150.0,0,400,-6.4
137670.0,156.38,150.0,0,400,-6.38
137770.0,156.44,150.0,0,400,-6.44
137870.0,156.48,150.0,0,400,-6.48
137970.0,156.44,150.0,100,400,-6.44
138070.0,156.48,150.0,0,400,-6.48
138170.0,156.46,150.0,13,400,-6.46
138270.0,156.48,150.0,0,400,-6.48
138370.0,156.47,150.0,0,400,-6.47
138470.0,156.48,150.0,0,400,-6.48
138570.0,156.46,150.0,0,400,-6.46
138670.0,156.46,150.0,0,400,-6.46
138770.0,156.45,150.0,0,400,-6.45
138870.0,156.47,150.0,0,400,-6.47
138970.0,156.47,150.0,0,400,-6.47
139070.0,156.45,150.0,2,400,-6.45
139170.0,156.43,150.0,0,400,-6.43
139270.0,156.45,150.0,0,400,-6.45
139370.0,156.45,150.0,0,400,-6.45
139470.0,156.45,150.0,0,400,-6.45
139570.0,156.47,150.0,0,400,-6.47
139670.0,156.47,150.0,0,400,-6.47
139770.0,156.5,150.0,0,400,-6.5
139870.0,156.53,150.0,0,400,-6.53
139970.0,156.57,150.0,0,400,-6.57
140070.0,156.6,150.0,0,400,-6.6
140170.0,156.58,150.0,0,400,-6.58
140270.0,156.62,150.0,0,400,-6.62
140370.0,156.63,150.0,0,400,-6.63
140470.0,156.6,150.0,13,400,-6.6
140570.0,156.59,150.0,0,400,-6.59
140670.0,156.56,150.0,70,400,-6.56
140770.0,156.54,150.0,0,400,-6.54
140870.0,156.58,150.0,0,400,-6.58
140970.0,156.56,150.0,0,400,-6.56
141070.0,156.57,150.0,0,400,-6.57
141170.0,156.57,150.0,0,400,-6.57
141270.0,156.58,150.0,0,400,-6.58
141370.0,156.6,150.0,0,400,-6.6
141470.0,156.6,150.0,0,400,-6.6
141570.0,156.6,150.0,0,400,-6.6
141670.0,156.61,150.0,0,400,-6.61
141770.0,156.62,150.0,0,400,-6.62
141870.0,156.64,150.0,0,400,-6.64
141970.0,156.63,150.0,0,400,-6.63
142070.0,156.61,150.0,0,400,-6.61
142170.0,156.61,150.0,0,400,-6.61
142270.0,156.62,150.0,0,400,-6.62
142370.0,156.58,150.0,93,400,-6.58
142470.0,156.64,150.0,0,400,-6.64
142570.0,156.64,150.0,0,400,-6.64
142670.0,156.64,150.0,0,400,-6.64
142770.0,156.62,150.0,0,400,-6.62
142870.0,156.66,150.0,0,400,-6.66
142970.0,156.64,150.0,0,400,-6.64
143070.0,156.63,150.0,0,400,-6.63
143170.0,156.61,150.0,0,400,-6.61
143270.0,156.59,150.0,0,400,-6.59
143370.0,156.61,150.0,0,400,-6.61
143470.0,156.61,150.0,0,400,-6.61
143570.0,156.63,150.0,0,400,-6.63
143670.0,156.61,150.0,0,400,-6.61
143770.0,156.59,150.0,0,400,-6.59
143870.0,156.59,150.0,0,400,-6.59
143970.0,156.6,150.0,0,400,-6.6
144070.0,156.61,150.0,0,400,-6.61
144170.0,156.62,150.0,0,400,-6.62
144270.0,156.65,150.0,0,400,-6.65
144370.0,156.68,150.0,0,400,-6.68
144470.0,156.68,150.0,0,400,-6.68
144570.0,156.66,150.0,0,400,-6.66
144670.0,156.71,150.0,0,400,-6.71
144770.0,156.69,150.0,0,400,-6.69
144870.0,156.65,150.0,65,400,-6.65
144970.0,156.62,150.0,32,400,-6.62
145070.0,156.61,150.0,0,400,-6.61
145170.0,156.66,150.0,0,400,-6.66
145270.0,156.68,150.0,0,400,-6.68
145370.0,156.63,150.0,98,400,-6.63
145470.0,156.62,150.0,0,400,-6.62
145570.0,156.61,150.0,0,400,-6.61
145670.0,156.6,150.0,0,400,-6.6
145770.0,156.58,150.0,0,400,-6.58
145870.0,156.64,150.0,0,400,-6.64
145970.0,156.61,150.0,18,400,-6.61
146070.0,156.57,150.0,84,400,-6.57
146170.0,156.57,150.0,0,400,-6.57
146270.0,156.57,150.0,0,400,-6.57
146370.0,156.62,150.0,0,400,-6.62
146470.0,156.64,150.0,0,400,-6.64
146570.0,156.63,150.0,0,400,-6.63
146670.0,156.67,150.0,0,400,-6.67
146770.0,156.64,150.0,51,400,-6.64
146870.0,156.61,150.0,21,400,-6.61
146970.0,156.62,150.0,0,400,-6.62
147070.0,156.68,150.0,0,400,-6.68
147170.0,156.62,150.0,100,400,-6.62
147270.0,156.59,150.0,50,400,-6.59
147370.0,156.59,150.0,0,400,-6.59
147470.0,156.58,150.0,0,400,-6.58
147570.0,156.55,150.0,61,400,-6.55
147670.0,156.54,150.0,0,400,-6.54
147770.0,156.53,150.0,0,400,-6.53
147870.0,156.5,150.0,60,400,-6.5
147970.0,156.5,150.0,0,400,-6.5
148070.0,156.51,150.0,0,400,-6.51
148170.0,156.54,150.0,0,400,-6.54
148270.0,156.52,150.0,0,400,-6.52
148370.0,156.55,150.0,0,400,-6.55
148470.0,156.56,150.0,0,400,-6.56
148570.0,156.6,150.0,0,400,-6.6
148670.0,156.56,150.0,73,400,-6.56
148770.0,156.57,150.0,0,400,-6.57
148870.0,156.6,150.0,0,400,-6.6
148970.0,156.54,150.0,100,400,-6.54
149070.0,156.59,150.0,0,400,-6.59
149170.0,156.59,150.0,0,400,-6.59
149270.0,156.55,150.0,100,400,-6.55
149370.0,156.53,150.0,0,400,-6.53
149470.0,156.54,150.0,0,400,-6.54
149570.0,156.52,150.0,24,400,-6.52
149670.0,156.5,150.0,0,400,-6.5
149770.0,156.53,150.0,0,400,-6.53
149870.0,156.55,150.0,0,400,-6.55
149970.0,156.56,150.0,0,400,-6.56
150070.0,156.57,150.0,0,400,-6.57
150170.0,156.55,150.0,2,400,-6.55
150270.0,156.56,150.0,0,400,-6.56
150370.0,156.57,150.0,0,400,-6.57
150470.0,156.56,150.0,0,400,-6.56
150570.0,156.6,150.0,0,400,-6.6
150670.0,156.63,150.0,0,400,-6.63
150770.0,156.61,150.0,14,400,-6.61
150870.0,156.65,150.0,0,400,-6.65
150970.0,156.68,150.0,0,400,-6.68
151070.0,156.67,150.0,0,400,-6.67
151170.0,156.62,150.0,100,400,-6.62
151270.0,156.61,150.0,0,400,-6.61
151370.0,156.6,150.0,0,400,-6.6
151470.0,156.62,150.0,0,400,-6.62
151570.0,156.66,150.0,0,400,-6.66
151670.0,156.68,150.0,0,400,-6.68
151770.0,156.72,150.0,0,400,-6.72
151870.0,156.71,150.0,0,400,-6.71
151970.0,156.73,150.0,0,400,-6.73
152070.0,156.72,150.0,0,400,-6.72
152170.0,156.74,150.0,0,400,-6.74
152270.0,156.72,150.0,0,400,-6.72
152370.0,156.73,150.0,0,400,-6.73
152470.0,156.75,150.0,0,400,-6.75
152570.0,156.81,150.0,0,400,-6.81
152670.0,156.86,150.0,0,400,-6.86
152770.0,156.86,150.0,0,400,-6.86
152870.0,156.83,150.0,0,400,-6.83
152970.0,156.83,150.0,0,400,-6.83
153070.0,156.86,150.0,0,400,-6.86
153170.0,156.91,150.0,0,400,-6.91
153270.0,156.95,150.0,0,400,-6.95
153370.0,156.94,150.0,0,400,-6.94
153470.0,156.89,150.0,100,400,-6.89
153570.0,156.92,150.0,0,400,-6.92
153670.0,156.92,150.0,0,400,-6.92
153770.0,156.96,150.0,0,400,-6.96
153870.0,156.93,150.0,41,400,-6.93
153970.0,156.95,150.0,0,400,-6.95
154070.0,156.94,150.0,0,400,-6.94
154170.0,157.01,150.0,0,400,-7.01
154270.0,157.03,150.0,0,400,-7.03
154370.0,157.04,150.0,0,400,-7.04
154470.0,157.03,150.0,0,400,-7.03
154570.0,157.05,150.0,0,400,-7.05
154670.0,157.06,150.0,0,400,-7.06
154770.0,157.0,150.0,100,400,-7.0
154870.0,157.04,150.0,0,400,-7.04
154970.0,157.03,150.0,0,400,-7.03
155070.0,157.08,150.0,0,400,-7.08
155170.0,157.13,150.0,0,400,-7.13
155270.0,157.1,150.0,11,400,-7.1
155370.0,157.05,150.0,100,400,-7.05
155470.0,157.12,150.0,0,400,-7.12
155570.0,157.09,150.0,3,400,-7.09
155670.0,157.1,150.0,0,400,-7.1
155770.0,157.15,150.0,0,400,-7.15
155870.0,157.17,150.0,0,400,-7.17
155970.0,157.15,150.0,4,400,-7.15
156070.0,157.18,150.0,0,400,-7.18
156170.0,157.22,150.0,0,400,-7.22
156270.0,157.25,150.0,0,400,-7.25
156370.0,157.26,150.0,0,400,-7.26
156470.0,157.26,150.0,0,400,-7.26
156570.0,157.28,150.0,0,400,-7.28
156670.0,157.31,150.0,0,400,-7.31
156770.0,157.32,150.0,0,400,-7.32
156870.0,157.28,150.0,48,400,-7.28
156970.0,157.33,150.0,0,400,-7.33
157070.0,157.29,150.0,100,400,-7.29
157170.0,157.27,150.0,0,400,-7.27
157270.0,157.29,150.0,0,400,-7.29
157370.0,157.31,150.0,0,400,-7.31
157470.0,157.31,150.0,0,400,-7.31
157570.0,157.37,150.0,0,400,-7.37
157670.0,157.34,150.0,52,400,-7.34
157770.0,157.31,150.0,20,400,-7.31
157870.0,157.35,150.0,0,400,-7.35
157970.0,157.34,150.0,0,400,-7.34
158070.0,157.3,150.0,68,400,-7.3
158170.0,157.34,150.0,0,400,-7.34
158270.0,157.36,150.0,0,400,-7.36
158370.0,157.39,150.0,0,400,-7.39
158470.0,157.42,150.0,0,400,-7.42
158570.0,157.44,150.0,0,400,-7.44
158670.0,157.47,150.0,0,400,-7.47
158770.0,157.5,150.0,0,400,-7.5
158870.0,157.52,150.0,0,400,-7.52
158970.0,157.54,150.0,0,400,-7.54
159070.0,157.54,150.0,0,400,-7.54
159170.0,157.54,150.0,0,400,-7.54
159270.0,157.57,150.0,0,400,-7.57
159370.0,157.52,150.0,92,400,-7.52
159470.0,157.54,150.0,0,400,-7.54
159570.0,157.57,150.0,0,400,-7.57
159670.0,157.56,150.0,0,400,-7.56
159770.0,157.53,150.0,40,400,-7.53
159870.0,157.52,150.0,0,400,-7.52
159970.0,157.49,150.0,3,400,-7.49
160070.0,157.49,150.0,0,400,-7.49
160170.0,157.45,150.0,68,400,-7.45
160270.0,157.45,150.0,0,400,-7.45
160370.0,157.5,150.0,0,400,-7.5
160470.0,157.47,150.0,28,400,-7.47
160570.0,157.52,150.0,0,400,-7.52
160670.0,157.53,150.0,0,400,-7.53
160770.0,157.55,150.0,0,400,-7.55
160870.0,157.51,150.0,78,400,-7.51
160970.0,157.5,150.0,0,400,-7.5
161070.0,157.49,150.0,0,400,-7.49
161170.0,157.51,150.0,0,400,-7.51
161270.0,157.5,150.0,0,400,-7.5
161370.0,157.51,150.0,0,400,-7.51
161470.0,157.5,150.0,0,400,-7.5
161570.0,157.49,150.0,0,400,-7.49
161670.0,157.48,150.0,0,400,-7.48
161770.0,157.47,150.0,0,400,-7.47
161870.0,157.51,150.0,0,400,-7.51
161970.0,157.5,150.0,0,400,-7.5
162070.0,157.55,150.0,0,400,-7.55
162170.0,157.58,150.0,0,400,-7.58
162270.0,157.62,150.0,0,400,-7.62
162370.0,157.66,150.0,0,400,-7.66
162470.0,157.69,150.0,0,400,-7.69
162570.0,157.71,150.0,0,400,-7.71
162670.0,157.67,150.0,88,400,-7.67
162770.0,157.65,150.0,0,400,-7.65
162870.0,157.67,150.0,0,400,-7.67
162970.0,157.65,150.0,0,400,-7.65
163070.0,157.69,150.0,0,400,-7.69
163170.0,157.72,150.0,0,400,-7.72
163270.0,157.68,150.0,46,400,-7.68
163370.0,157.64,150.0,59,400,-7.64
163470.0,157.62,150.0,0,400,-7.62
163570.0,157.59,150.0,50,400,-7.59
163670.0,157.62,150.0,0,400,-7.62
163770.0,157.61,150.0,0,400,-7.61
163870.0,157.69,150.0,0,400,-7.69
163970.0,157.69,150.0,0,400,-7.69
164070.0,157.71,150.0,0,400,-7.71
164170.0,157.69,150.0,0,400,-7.69
164270.0,157.65,150.0,62,400,-7.65
164370.0,157.6,150.0,71,400,-7.6
164470.0,157.57,150.0,35,400,-7.57
164570.0,157.58,150.0,0,400,-7.58
164670.0,157.59,150.0,0,400,-7.59
164770.0,157.66,150.0,0,400,-7.66
164870.0,157.63,150.0,41,400,-7.63
164970.0,157.63,150.0,0,400,-7.63
165070.0,157.64,150.0,0,400,-7.64
165170.0,157.66,150.0,0,400,-7.66
165270.0,157.69,150.0,0,400,-7.69
165370.0,157.75,150.0,0,400,-7.75
165470.0,157.71,150.0,76,400,-7.71
165570.0,157.68,150.0,0,400,-7.68
165670.0,157.72,150.0,0,400,-7.72
165770.0,157.76,150.0,0,400,-7.76
165870.0,157.77,150.0,0,400,-7.77
165970.0,157.75,150.0,0,400,-7.75
166070.0,157.8,150.0,0,400,-7.8
166170.0,157.85,150.0,0,400,-7.85
166270.0,157.85,150.0,0,400,-7.85
166370.0,157.83,150.0,0,400,-7.83
166470.0,157.84,150.0,0,400,-7.84
166570.0,157.82,150.0,0,400,-7.82
166670.0,157.79,150.0,1,400,-7.79
166770.0,157.79,150.0,0,400,-7.79
166870.0,157.77,150.0,0,400,-7.77
166970.0,157.74,150.0,3,400,-7.74
167070.0,157.79,150.0,0,400,-7.79
167170.0,157.85,150.0,0,400,-7.85
167270.0,157.82,150.0,0,400,-7.82
167370.0,157.86,150.0,0,400,-7.86
167470.0,157.9,150.0,0,400,-7.9
167570.0,157.9,150.0,0,400,-7.9
167670.0,157.9,150.0,0,400,-7.9
167770.0,157.99,150.0,0,400,-7.99
167870.0,158.04,150.0,0,400,-8.04
167970.0,158.08,150.0,0,400,-8.08
168070.0,158.06,150.0,0,400,-8.06
168170.0,158.02,150.0,86,400,-8.02
168270.0,158.06,150.0,0,400,-8.06
168370.0,158.06,150.0,0,400,-8.06
168470.0,158.08,150.0,0,400,-8.08
168570.0,158.11,150.0,0,400,-8.11
168670.0,158.14,150.0,0,400,-8.14
168770.0,158.14,150.0,0,400,-8.14
168870.0,158.12,150.0,0,400,-8.12
168970.0,158.1,150.0,0,400,-8.1
169070.0,158.08,150.0,0,400,-8.08
169170.0,158.1,150.0,0,400,-8.1
169270.0,158.17,150.0,0,400,-8.17
169370.0,158.18,150.0,0,400,-8.18
169470.0,158.15,150.0,12,400,-8.15
169570.0,158.14,150.0,0,400,-8.14
169670.0,158.15,150.0,0,400,-8.15
169770.0,158.16,150.0,0,400,-8.16
169870.0,158.15,150.0,0,400,-8.15
169970.0,158.19,150.0,0,400,-8.19
170070.0,158.2,150.0,0,400,-8.2
170170.0,158.19,150.0,0,400,-8.19
170270.0,158.16,150.0,0,400,-8.16
170370.0,158.18,150.0,0,400,-8.18
170470.0,158.17,150.0,0,400,-8.17
170570.0,158.2,150.0,0,400,-8.2
170670.0,158.18,150.0,0,400,-8.18
170770.0,158.19,150.0,0,400,-8.19
170870.0,158.25,150.0,0,400,-8.25
170970.0,158.21,150.0,29,400,-8.21
171070.0,158.29,150.0,0,400,-8.29
171170.0,158.31,150.0,0,400,-8.31
171270.0,158.34,150.0,0,400,-8.34
171370.0,158.34,150.0,0,400,-8.34
171470.0,158.32,150.0,0,400,-8.32
171570.0,158.34,150.0,0,400,-8.34
171670.0,158.38,150.0,0,400,-8.38
171770.0,158.37,150.0,0,400,-8.37
171870.0,158.38,150.0,0,400,-8.38
171970.0,158.35,150.0,15,400,-8.35
172070.0,158.33,150.0,0,400,-8.33
172170.0,158.29,150.0,54,400,-8.29
172270.0,158.28,150.0,0,400,-8.28
172370.0,158.33,150.0,0,400,-8.33
172470.0,158.31,150.0,0,400,-8.31
172570.0,158.31,150.0,0,400,-8.31
172670.0,158.27,150.0,87,400,-8.27
172770.0,158.24,150.0,1,400,-8.24
172870.0,158.28,150.0,0,400,-8.28
172970.0,158.31,150.0,0,400,-8.31
173070.0,158.33,150.0,0,400,-8.33
173170.0,158.29,150.0,61,400,-8.29
173270.0,158.27,150.0,0,400,-8.27
173370.0,158.28,150.0,0,400,-8.28
173470.0,158.33,150.0,0,400,-8.33
173570.0,158.34,150.0,0,400,-8.34
173670.0,158.37,150.0,0,400,-8.37
173770.0,158.32,150.0,96,400,-8.32
173870.0,158.3,150.0,0,400,-8.3
173970.0,158.26,150.0,80,400,-8.26
174070.0,158.23,150.0,0,400,-8.23
174170.0,158.21,150.0,0,400,-8.21
174270.0,158.2,150.0,0,400,-8.2
174370.0,158.19,150.0,0,400,-8.19
174470.0,158.22,150.0,0,400,-8.22
174570.0,158.2,150.0,0,400,-8.2
174670.0,158.19,150.0,0,400,-8.19
174770.0,158.2,150.0,0,400,-8.2
174870.0,158.19,150.0,0,400,-8.19
174970.0,158.18,150.0,0,400,-8.18
175070.0,158.18,150.0,0,400,-8.18
175170.0,158.15,150.0,15,400,-8.15
175270.0,158.13,150.0,0,400,-8.13
175370.0,158.09,150.0,55,400,-8.09
175470.0,158.08,150.0,0,400,-8.08
175570.0,158.1,150.0,0,400,-8.1
175670.0,158.15,150.0,0,400,-8.15
175770.0,158.12,150.0,32,400,-8.12
175870.0,158.17,150.0,0,400,-8.17
175970.0,158.21,150.0,0,400,-8.21
176070.0,158.27,150.0,0,400,-8.27
176170.0,158.25,150.0,0,400,-8.25
176270.0,158.2,150.0,100,400,-8.2
176370.0,158.19,150.0,0,400,-8.19
176470.0,158.17,150.0,0,400,-8.17
176570.0,158.16,150.0,0,400,-8.16
176670.0,158.2,150.0,0,400,-8.2
176770.0,158.16,150.0,79,400,-8.16
176870.0,158.16,150.0,0,400,-8.16
176970.0,158.13,150.0,42,400,-8.13
177070.0,158.09,150.0,54,400,-8.09
177170.0,158.1,150.0,0,400,-8.1
177270.0,158.09,150.0,0,400,-8.09
177370.0,158.11,150.0,0,400,-8.11
177470.0,158.07,150.0,37,400,-8.07
177570.0,158.1,150.0,0,400,-8.1
177670.0,158.09,150.0,0,400,-8.09
177770.0,158.04,150.0,100,400,-8.04
177870.0,158.07,150.0,0,400,-8.07
177970.0,158.09,150.0,0,400,-8.09
178070.0,158.07,150.0,0,400,-8.07
178170.0,158.06,150.0,0,400,-8.06
178270.0,158.04,150.0,0,400,-8.04
178370.0,157.98,150.0,100,400,-7.98
178470.0,158.03,150.0,0,400,-8.03
178570.0,158.06,150.0,0,400,-8.06
178670.0,157.98,150.0,100,400,-7.98
178770.0,157.95,150.0,15,400,-7.95
178870.0,157.93,150.0,0,400,-7.93
178970.0,157.92,150.0,0,400,-7.92
179070.0,157.87,150.0,92,400,-7.87
179170.0,157.91,150.0,0,400,-7.91
179270.0,157.89,150.0,0,400,-7.89
179370.0,157.86,150.0,20,400,-7.86
179470.0,157.9,150.0,0,400,-7.9
179570.0,157.94,150.0,0,400,-7.94
179670.0,157.91,150.0,19,400,-7.91
179770.0,157.89,150.0,0,400,-7.89
179870.0,157.92,150.0,0,400,-7.92
179970.0,157.97,150.0,0,400,-7.97
180070.0,157.98,150.0,0,400,-7.98
180170.0,157.98,150.0,0,400,-7.98
180270.0,158.0,150.0,0,400,-8.0
180370.0,157.94,150.0,100,400,-7.94
180470.0,157.93,150.0,0,400,-7.93
180570.0,157.9,150.0,10,400,-7.9
180670.0,157.87,150.0,0,400,-7.87
180770.0,157.84,150.0,53,400,-7.84
180870.0,157.86,150.0,0,400,-7.86
180970.0,157.86,150.0,0,400,-7.86
181070.0,157.83,150.0,40,400,-7.83
181170.0,157.81,150.0,0,400,-7.81
181270.0,157.8,150.0,0,400,-7.8
181370.0,157.87,150.0,0,400,-7.87
181470.0,157.88,150.0,0,400,-7.88
181570.0,157.91,150.0,0,400,-7.91
181670.0,157.91,150.0,0,400,-7.91
181770.0,157.99,150.0,0,400,-7.99
181870.0,158.03,150.0,0,400,-8.03
181970.0,158.02,150.0,0,400,-8.02
182070.0,158.09,150.0,0,400,-8.09
182170.0,158.11,150.0,0,400,-8.11
182270.0,158.08,150.0,0,400,-8.08
182370.0,158.08,150.0,0,400,-8.08
182470.0,158.09,150.0,0,400,-8.09
182570.0,158.1,150.0,0,400,-8.1
182670.0,158.14,150.0,0,400,-8.14
182770.0,158.16,150.0,0,400,-8.16
182870.0,158.14,150.0,0,400,-8.14
182970.0,158.15,150.0,0,400,-8.15
183070.0,158.18,150.0,0,400,-8.18
183170.0,158.16,150.0,0,400,-8.16
183270.0,158.21,150.0,0,400,-8.21
183370.0,158.26,150.0,0,400,-8.26
183470.0,158.25,150.0,0,400,-8.25
183570.0,158.28,150.0,0,400,-8.28
183670.0,158.3,150.0,0,400,-8.3
183770.0,158.32,150.0,0,400,-8.32
183870.0,158.3,150.0,0,400,-8.3
183970.0,158.37,150.0,0,400,-8.37
184070.0,158.39,150.0,0,400,-8.39
184170.0,158.44,150.0,0,400,-8.44
184270.0,158.42,150.0,0,400,-8.42
184370.0,158.45,150.0,0,400,-8.45
184470.0,158.43,150.0,0,400,-8.43
184570.0,158.41,150.0,0,400,-8.41
184670.0,158.4,150.0,0,400,-8.4
184770.0,158.38,150.0,0,400,-8.38
184870.0,158.4,150.0,0,400,-8.4
184970.0,158.46,150.0,0,400,-8.46
185070.0,158.45,150.0,0,400,-8.45
185170.0,158.44,150.0,0,400,-8.44
185270.0,158.47,150.0,0,400,-8.47
185370.0,158.44,150.0,7,400,-8.44
185470.0,158.44,150.0,0,400,-8.44
185570.0,158.43,150.0,0,400,-8.43
185670.0,158.46,150.0,0,400,-8.46
185770.0,158.46,150.0,0,400,-8.46
185870.0,158.51,150.0,0,400,-8.51
185970.0,158.47,150.0,38,400,-8.47
186070.0,158.46,150.0,0,400,-8.46
186170.0,158.52,150.0,0,400,-8.52
186270.0,158.54,150.0,0,400,-8.54
186370.0,158.53,150.0,0,400,-8.53
186470.0,158.55,150.0,0,400,-8.55
186570.0,158.53,150.0,0,400,-8.53
186670.0,158.61,150.0,0,400,-8.61
186770.0,158.62,150.0,0,400,-8.62
186870.0,158.66,150.0,0,400,-8.66
186970.0,158.62,150.0,39,400,-8.62
187070.0,158.6,150.0,0,400,-8.6
187170.0,158.57,150.0,0,400,-8.57
187270.0,158.57,150.0,0,400,-8.57
187370.0,158.61,150.0,0,400,-8.61
187470.0,158.63,150.0,0,400,-8.63
187570.0,158.61,150.0,0,400,-8.61
187670.0,158.65,150.0,0,400,-8.65
187770.0,158.63,150.0,0,400,-8.63
187870.0,158.59,150.0,62,400,-8.59
187970.0,158.6,150.0,0,400,-8.6
188070.0,158.56,150.0,29,400,-8.56
188170.0,158.6,150.0,0,400,-8.6
188270.0,158.65,150.0,0,400,-8.65
188370.0,158.71,150.0,0,400,-8.71
188470.0,158.75,150.0,0,400,-8.75
188570.0,158.74,150.0,0,400,-8.74
188670.0,158.7,150.0,69,400,-8.7
188770.0,158.72,150.0,0,400,-8.72
188870.0,158.67,150.0,95,400,-8.67
188970.0,158.62,150.0,95,400,-8.62
189070.0,158.59,150.0,6,400,-8.59
189170.0,158.63,150.0,0,400,-8.63
189270.0,158.61,150.0,0,400,-8.61
189370.0,158.59,150.0,0,400,-8.59
189470.0,158.57,150.0,0,400,-8.57
189570.0,158.59,150.0,0,400,-8.59
189670.0,158.56,150.0,25,400,-8.56
189770.0,158.51,150.0,84,400,-8.51
189870.0,158.49,150.0,0,400,-8.49
189970.0,158.47,150.0,0,400,-8.47
190070.0,158.44,150.0,4,400,-8.44
190170.0,158.49,150.0,0,400,-8.49
190270.0,158.49,150.0,0,400,-8.49
190370.0,158.52,150.0,0,400,-8.52
190470.0,158.57,150.0,0,400,-8.57
190570.0,158.55,150.0,0,400,-8.55
190670.0,158.59,150.0,0,400,-8.59
190770.0,158.63,150.0,0,400,-8.63
190870.0,158.56,150.0,100,400,-8.56
190970.0,158.56,150.0,0,400,-8.56
191070.0,158.56,150.0,0,400,-8.56
191170.0,158.56,150.0,0,400,-8.56
191270.0,158.52,150.0,42,400,-8.52
191370.0,158.51,150.0,0,400,-8.51
191470.0,158.48,150.0,44,400,-8.48
191570.0,158.48,150.0,0,400,-8.48
191670.0,158.43,150.0,100,400,-8.43
191770.0,158.48,150.0,0,400,-8.48
191870.0,158.46,150.0,0,400,-8.46
191970.0,158.43,150.0,0,400,-8.43
192070.0,158.45,150.0,0,400,-8.45
192170.0,158.41,150.0,30,400,-8.41
192270.0,158.46,150.0,0,400,-8.46
192370.0,158.47,150.0,0,400,-8.47
192470.0,158.44,150.0,3,400,-8.44
192570.0,158.4,150.0,66,400,-8.4
192670.0,158.37,150.0,0,400,-8.37
192770.0,158.35,150.0,0,400,-8.35
192870.0,158.35,150.0,0,400,-8.35
192970.0,158.34,150.0,0,400,-8.34
193070.0,158.31,150.0,24,400,-8.31
193170.0,158.39,150.0,0,400,-8.39
193270.0,158.37,150.0,0,400,-8.37
193370.0,158.43,150.0,0,400,-8.43
193470.0,158.4,150.0,11,400,-8.4
193570.0,158.37,150.0,0,400,-8.37
193670.0,158.42,150.0,0,400,-8.42
193770.0,158.46,150.0,0,400,-8.46
193870.0,158.44,150.0,0,400,-8.44
193970.0,158.42,150.0,0,400,-8.42
194070.0,158.39,150.0,4,400,-8.39
194170.0,158.38,150.0,0,400,-8.38
194270.0,158.43,150.0,0,400,-8.43
194370.0,158.4,150.0,0,400,-8.4
194470.0,158.48,150.0,0,400,-8.48
194570.0,158.51,150.0,0,400,-8.51
194670.0,158.47,150.0,36,400,-8.47
194770.0,158.52,150.0,0,400,-8.52
194870.0,158.52,150.0,0,400,-8.52
194970.0,158.58,150.0,0,400,-8.58
195070.0,158.55,150.0,12,400,-8.55
195170.0,158.51,150.0,28,400,-8.51
195270.0,158.56,150.0,0,400,-8.56
195370.0,158.57,150.0,0,400,-8.57
195470.0,158.56,150.0,0,400,-8.56
195570.0,158.53,150.0,43,400,-8.53
195670.0,158.54,150.0,0,400,-8.54
195770.0,158.55,150.0,0,400,-8.55
195870.0,158.59,150.0,0,400,-8.59
195970.0,158.66,150.0,0,400,-8.66
196070.0,158.69,150.0,0,400,-8.69
196170.0,158.68,150.0,0,400,-8.68
196270.0,158.65,150.0,17,400,-8.65
196370.0,158.67,150.0,0,400,-8.67
196470.0,158.65,150.0,0,400,-8.65
196570.0,158.69,150.0,0,400,-8.69
196670.0,158.69,150.0,0,400,-8.69
196770.0,158.68,150.0,0,400,-8.68
196870.0,158.65,150.0,11,400,-8.65
196970.0,158.62,150.0,0,400,-8.62
197070.0,158.67,150.0,0,400,-8.67
197170.0,158.67,150.0,0,400,-8.67
197270.0,158.66,150.0,0,400,-8.66
197370.0,158.64,150.0,0,400,-8.64
197470.0,158.66,150.0,0,400,-8.66
197570.0,158.63,150.0,0,400,-8.63
197670.0,158.69,150.0,0,400,-8.69
197770.0,158.71,150.0,0,400,-8.71
197870.0,158.67,150.0,42,400,-8.67
197970.0,158.75,150.0,0,400,-8.75
198070.0,158.77,150.0,0,400,-8.77
198170.0,158.73,150.0,52,400,-8.73
198270.0,158.76,150.0,0,400,-8.76
198370.0,158.78,150.0,0,400,-8.78
198470.0,158.82,150.0,0,400,-8.82
198570.0,158.79,150.0,2,400,-8.79
198670.0,158.77,150.0,0,400,-8.77
198770.0,158.8,150.0,0,400,-8.8
198870.0,158.81,150.0,0,400,-8.81
198970.0,158.82,150.0,0,400,-8.82
199070.0,158.83,150.0,0,400,-8.83
199170.0,158.83,150.0,0,400,-8.83
199270.0,158.8,150.0,12,400,-8.8
199370.0,158.83,150.0,0,400,-8.83
199470.0,158.87,150.0,0,400,-8.87
199570.0,158.83,150.0,45,400,-8.83
199670.0,158.84,150.0,0,400,-8.84
199770.0,158.79,150.0,100,400,-8.79
199870.0,158.78,150.0,0,400,-8.78
199970.0,158.82,150.0,0,400,-8.82
200070.0,158.78,150.0,49,400,-8.78
200170.0,158.76,150.0,0,400,-8.76
200270.0,158.75,150.0,0,400,-8.75
200370.0,158.78,150.0,0,400,-8.78
200470.0,158.75,150.0,15,400,-8.75
200570.0,158.72,150.0,0,400,-8.72
200670.0,158.7,150.0,0,400,-8.7
200770.0,158.76,150.0,0,400,-8.76
200870.0,158.81,150.0,0,400,-8.81
200970.0,158.81,150.0,0,400,-8.81
201070.0,158.82,150.0,0,400,-8.82
201170.0,158.81,150.0,0,400,-8.81
201270.0,158.82,150.0,0,400,-8.82
201370.0,158.8,150.0,0,400,-8.8
201470.0,158.77,150.0,0,400,-8.77
201570.0,158.75,150.0,0,400,-8.75
201670.0,158.79,150.0,0,400,-8.79
201770.0,158.74,150.0,63,400,-8.74
201870.0,158.75,150.0,0,400,-8.75
201970.0,158.75,150.0,0,400,-8.75
202070.0,158.75,150.0,0,400,-8.75
202170.0,158.74,150.0,0,400,-8.74
202270.0,158.78,150.0,0,400,-8.78
202370.0,158.73,150.0,100,400,-8.73
202470.0,158.69,150.0,57,400,-8.69
202570.0,158.66,150.0,0,400,-8.66
202670.0,158.67,150.0,0,400,-8.67
202770.0,158.73,150.0,0,400,-8.73
202870.0,158.73,150.0,0,400,-8.73
202970.0,158.78,150.0,0,400,-8.78
203070.0,158.82,150.0,0,400,-8.82
203170.0,158.78,150.0,52,400,-8.78
203270.0,158.77,150.0,0,400,-8.77
203370.0,158.79,150.0,0,400,-8.79
203470.0,158.76,150.0,0,400,-8.76
203570.0,158.8,150.0,0,400,-8.8
203670.0,158.77,150.0,35,400,-8.77
203770.0,158.8,150.0,0,400,-8.8
203870.0,158.83,150.0,0,400,-8.83
203970.0,158.82,150.0,0,400,-8.82
204070.0,158.76,150.0,100,400,-8.76
204170.0,158.78,150.0,0,400,-8.78
204270.0,158.74,150.0,57,400,-8.74
204370.0,158.73,150.0,0,400,-8.73
204470.0,158.77,150.0,0,400,-8.77
204570.0,158.82,150.0,0,400,-8.82
204670.0,158.79,150.0,2,400,-8.79
204770.0,158.8,150.0,0,400,-8.8
204870.0,158.78,150.0,0,400,-8.78
204970.0,158.77,150.0,0,400,-8.77
205070.0,158.81,150.0,0,400,-8.81
205170.0,158.76,150.0,86,400,-8.76
205270.0,158.81,150.0,0,400,-8.81
205370.0,158.86,150.0,0,400,-8.86
205470.0,158.82,150.0,42,400,-8.82
205570.0,158.82,150.0,0,400,-8.82
205670.0,158.8,150.0,0,400,-8.8
205770.0,158.77,150.0,0,400,-8.77
205870.0,158.77,150.0,0,400,-8.77
205970.0,158.75,150.0,0,400,-8.75
206070.0,158.71,150.0,77,400,-8.71
206170.0,158.75,150.0,0,400,-8.75
206270.0,158.75,150.0,0,400,-8.75
206370.0,158.72,150.0,0,400,-8.72
206470.0,158.78,150.0,0,400,-8.78
206570.0,158.84,150.0,0,400,-8.84
206670.0,158.83,150.0,0,400,-8.83
206770.0,158.87,150.0,0,400,-8.87
206870.0,158.9,150.0,0,400,-8.9
206970.0,158.85,150.0,73,400,-8.85
207070.0,158.84,150.0,0,400,-8.84
207170.0,158.83,150.0,0,400,-8.83
207270.0,158.82,150.0,0,400,-8.82
207370.0,158.83,150.0,0,400,-8.83
207470.0,158.81,150.0,0,400,-8.81
207570.0,158.87,150.0,0,400,-8.87
207670.0,158.83,150.0,52,400,-8.83
207770.0,158.86,150.0,0,400,-8.86
207870.0,158.92,150.0,0,400,-8.92
207970.0,158.92,150.0,0,400,-8.92
208070.0,158.95,150.0,0,400,-8.95
208170.0,158.97,150.0,0,400,-8.97
208270.0,158.96,150.0,0,400,-8.96
208370.0,158.91,150.0,83,400,-8.91
208470.0,158.93,150.0,0,400,-8.93
208570.0,158.91,150.0,0,400,-8.91
208670.0,158.91,150.0,0,400,-8.91
208770.0,158.93,150.0,0,400,-8.93
208870.0,158.92,150.0,0,400,-8.92
208970.0,158.92,150.0,0,400,-8.92
209070.0,158.89,150.0,9,400,-8.89
209170.0,158.97,150.0,0,400,-8.97
209270.0,158.92,150.0,90,400,-8.92
209370.0,158.97,150.0,0,400,-8.97
209470.0,158.99,150.0,0,400,-8.99
209570.0,158.97,150.0,0,400,-8.97
209670.0,158.97,150.0,0,400,-8.97
209770.0,159.0,150.0,0,400,-9.0
209870.0,159.0,150.0,0,400,-9.0
209970.0,158.99,150.0,0,400,-8.99
210070.0,159.01,150.0,0,400,-9.01
210170.0,159.03,150.0,0,400,-9.03
210270.0,159.06,150.0,0,400,-9.06
210370.0,159.04,150.0,0,400,-9.04
210470.0,159.0,150.0,21,400,-9.0
210570.0,158.97,150.0,35,400,-8.97
210670.0,158.97,150.0,0,400,-8.97
210770.0,159.03,150.0,0,400,-9.03
210870.0,159.02,150.0,0,400,-9.02
210970.0,159.05,150.0,0,400,-9.05
211070.0,159.02,150.0,0,400,-9.02
211170.0,159.01,150.0,0,400,-9.01
211270.0,159.02,150.0,0,400,-9.02
211370.0,158.99,150.0,4,400,-8.99
211470.0,159.03,150.0,0,400,-9.03
211570.0,159.02,150.0,0,400,-9.02
211670.0,159.0,150.0,0,400,-9.0
211770.0,159.06,150.0,0,400,-9.06
211870.0,159.11,150.0,0,400,-9.11
211970.0,159.11,150.0,0,400,-9.11
212070.0,159.16,150.0,0,400,-9.16
212170.0,159.19,150.0,0,400,-9.19
212270.0,159.14,150.0,65,400,-9.14
212370.0,159.13,150.0,0,400,-9.13
212470.0,159.15,150.0,0,400,-9.15
212570.0,159.12,150.0,0,400,-9.12
212670.0,159.17,150.0,0,400,-9.17
212770.0,159.2,150.0,0,400,-9.2
212870.0,159.16,150.0,29,400,-9.16
212970.0,159.11,150.0,85,400,-9.11
213070.0,159.12,150.0,0,400,-9.12
213170.0,159.1,150.0,0,400,-9.1
213270.0,159.15,150.0,0,400,-9.15
213370.0,159.15,150.0,0,400,-9.15
213470.0,159.19,150.0,0,400,-9.19
213570.0,159.18,150.0,0,400,-9.18
213670.0,159.23,150.0,0,400,-9.23
213770.0,159.26,150.0,0,400,-9.26
213870.0,159.23,150.0,0,400,-9.23
213970.0,159.22,150.0,0,400,-9.22
214070.0,159.18,150.0,52,400,-9.18
214170.0,159.16,150.0,0,400,-9.16
214270.0,159.15,150.0,0,400,-9.15
214370.0,159.15,150.0,0,400,-9.15
214470.0,159.17,150.0,0,400,-9.17
214570.0,159.23,150.0,0,400,-9.23
214670.0,159.3,150.0,0,400,-9.3
214770.0,159.27,150.0,0,400,-9.27
214870.0,159.3,150.0,0,400,-9.3
214970.0,159.27,150.0,0,400,-9.27
215070.0,159.29,150.0,0,400,-9.29
215170.0,159.27,150.0,0,400,-9.27
215270.0,159.26,150.0,0,400,-9.26
215370.0,159.31,150.0,0,400,-9.31
215470.0,159.33,150.0,0,400,-9.33
215570.0,159.32,150.0,0,400,-9.32
215670.0,159.34,150.0,0,400,-9.34
215770.0,159.33,150.0,0,400,-9.33
215870.0,159.31,150.0,0,400,-9.31
215970.0,159.39,150.0,0,400,-9.39
216070.0,159.44,150.0,0,400,-9.44
216170.0,159.41,150.0,0,400,-9.41
216270.0,159.39,150.0,0,400,-9.39
216370.0,159.4,150.0,0,400,-9.4
216470.0,159.39,150.0,0,400,-9.39
216570.0,159.42,150.0,0,400,-9.42
216670.0,159.41,150.0,0,400,-9.41
216770.0,159.4,150.0,0,400,-9.4
216870.0,159.38,150.0,0,400,-9.38
216970.0,159.41,150.0,0,400,-9.41
217070.0,159.4,150.0,0,400,-9.4
217170.0,159.36,150.0,35,400,-9.36
217270.0,159.41,150.0,0,400,-9.41
217370.0,159.38,150.0,0,400,-9.38
217470.0,159.4,150.0,0,400,-9.4
217570.0,159.41,150.0,0,400,-9.41
217670.0,159.43,150.0,0,400,-9.43
217770.0,159.39,150.0,61,400,-9.39
217870.0,159.41,150.0,0,400,-9.41
217970.0,159.42,150.0,0,400,-9.42
218070.0,159.42,150.0,0,400,-9.42
218170.0,159.38,150.0,2,400,-9.38
218270.0,159.38,150.0,0,400,-9.38
218370.0,159.36,150.0,0,400,-9.36
218470.0,159.36,150.0,0,400,-9.36
218570.0,159.33,150.0,0,400,-9.33
218670.0,159.36,150.0,0,400,-9.36
218770.0,159.4,150.0,0,400,-9.4
218870.0,159.37,150.0,0,400,-9.37
218970.0,159.33,150.0,54,400,-9.33
219070.0,159.31,150.0,0,400,-9.31
219170.0,159.36,150.0,0,400,-9.36
219270.0,159.38,150.0,0,400,-9.38
219370.0,159.35,150.0,0,400,-9.35
219470.0,159.31,150.0,33,400,-9.31
219570.0,159.31,150.0,0,400,-9.31
219670.0,159.29,150.0,0,400,-9.29
219770.0,159.34,150.0,0,400,-9.34
219870.0,159.29,150.0,100,400,-9.29
219970.0,159.34,150.0,0,400,-9.34
220070.0,159.35,150.0,0,400,-9.35
220170.0,159.34,150.0,0,400,-9.34
220270.0,159.32,150.0,0,400,-9.32
220370.0,159.27,150.0,46,400,-9.27
220470.0,159.27,150.0,0,400,-9.27
220570.0,159.29,150.0,0,400,-9.29
220670.0,159.29,150.0,0,400,-9.29
220770.0,159.28,150.0,0,400,-9.28
220870.0,159.24,150.0,63,400,-9.24
220970.0,159.2,150.0,23,400,-9.2
221070.0,159.17,150.0,35,400,-9.17
221170.0,159.18,150.0,0,400,-9.18
221270.0,159.17,150.0,0,400,-9.17
221370.0,159.14,150.0,4,400,-9.14
221470.0,159.13,150.0,0,400,-9.13
221570.0,159.19,150.0,0,400,-9.19
221670.0,159.18,150.0,0,400,-9.18
221770.0,159.18,150.0,0,400,-9.18
221870.0,159.13,150.0,55,400,-9.13
221970.0,159.11,150.0,0,400,-9.11
222070.0,159.1,150.0,0,400,-9.1
222170.0,159.08,150.0,0,400,-9.08
222270.0,159.08,150.0,0,400,-9.08
222370.0,159.03,150.0,56,400,-9.03
222470.0,159.01,150.0,0,400,-9.01
222570.0,159.06,150.0,0,400,-9.06
222670.0,159.03,150.0,0,400,-9.03
222770.0,158.99,150.0,59,400,-8.99
222870.0,159.03,150.0,0,400,-9.03
222970.0,158.98,150.0,100,400,-8.98
223070.0,158.97,150.0,0,400,-8.97
223170.0,158.99,150.0,0,400,-8.99
223270.0,158.99,150.0,0,400,-8.99
223370.0,158.99,150.0,0,400,-8.99
223470.0,159.02,150.0,0,400,-9.02
223570.0,159.06,150.0,0,400,-9.06
223670.0,159.0,150.0,100,400,-9.0
223770.0,158.99,150.0,0,400,-8.99
223870.0,158.99,150.0,0,400,-8.99
223970.0,159.01,150.0,0,400,-9.01
224070.0,158.96,150.0,89,400,-8.96
224170.0,158.94,150.0,0,400,-8.94
224270.0,158.98,150.0,0,400,-8.98
224370.0,158.96,150.0,0,400,-8.96
224470.0,158.99,150.0,0,400,-8.99
224570.0,158.96,150.0,26,400,-8.96
224670.0,158.92,150.0,39,400,-8.92
224770.0,158.91,150.0,0,400,-8.91
224870.0,158.96,150.0,0,400,-8.96
224970.0,158.95,150.0,0,400,-8.95
225070.0,158.94,150.0,0,400,-8.94
225170.0,158.92,150.0,0,400,-8.92
225270.0,158.9,150.0,0,400,-8.9
225370.0,158.95,150.0,0,400,-8.95
225470.0,158.92,150.0,0,400,-8.92
225570.0,158.95,150.0,0,400,-8.95
225670.0,158.92,150.0,0,400,-8.92
225770.0,158.93,150.0,0,400,-8.93
225870.0,158.94,150.0,0,400,-8.94
225970.0,158.93,150.0,0,400,-8.93
226070.0,158.96,150.0,0,400,-8.96
226170.0,158.91,150.0,83,400,-8.91
226270.0,158.95,150.0,0,400,-8.95
226370.0,158.96,150.0,0,400,-8.96
226470.0,159.01,150.0,0,400,-9.01
226570.0,158.98,150.0,0,400,-8.98
226670.0,158.95,150.0,15,400,-8.95
226770.0,158.93,150.0,0,400,-8.93
226870.0,158.96,150.0,0,400,-8.96
226970.0,158.95,150.0,0,400,-8.95
227070.0,158.92,150.0,0,400,-8.92
227170.0,158.97,150.0,0,400,-8.97
227270.0,158.99,150.0,0,400,-8.99
227370.0,159.02,150.0,0,400,-9.02
227470.0,159.01,150.0,0,400,-9.01
227570.0,159.04,150.0,0,400,-9.04
227670.0,159.01,150.0,0,400,-9.01
227770.0,158.98,150.0,0,400,-8.98
227870.0,158.97,150.0,0,400,-8.97
227970.0,159.04,150.0,0,400,-9.04
228070.0,159.07,150.0,0,400,-9.07
228170.0,159.12,150.0,0,400,-9.12
228270.0,159.16,150.0,0,400,-9.16
228370.0,159.2,150.0,0,400,-9.2
228470.0,159.22,150.0,0,400,-9.22
228570.0,159.18,150.0,48,400,-9.18
228670.0,159.15,150.0,0,400,-9.15
228770.0,159.1,150.0,100,400,-9.1
228870.0,159.07,150.0,0,400,-9.07
228970.0,159.16,150.0,0,400,-9.16
229070.0,159.17,150.0,0,400,-9.17
229170.0,159.13,150.0,2,400,-9.13
229270.0,159.15,150.0,0,400,-9.15
229370.0,159.11,150.0,31,400,-9.11
229470.0,159.07,150.0,42,400,-9.07
229570.0,159.07,150.0,0,400,-9.07
229670.0,159.12,150.0,0,400,-9.12
229770.0,159.17,150.0,0,400,-9.17
229870.0,159.16,150.0,0,400,-9.16
229970.0,159.16,150.0,0,400,-9.16
230070.0,159.19,150.0,0,400,-9.19
230170.0,159.19,150.0,0,400,-9.19
230270.0,159.15,150.0,70,400,-9.15
230370.0,159.15,150.0,0,400,-9.15
230470.0,159.1,150.0,76,400,-9.1
230570.0,159.13,150.0,0,400,-9.13
230670.0,159.13,150.0,0,400,-9.13
230770.0,159.11,150.0,0,400,-9.11
230870.0,159.07,150.0,45,400,-9.07
230970.0,159.09,150.0,0,400,-9.09
231070.0,159.08,150.0,0,400,-9.08
231170.0,159.05,150.0,0,400,-9.05
231270.0,159.05,150.0,0,400,-9.05
231370.0,159.03,150.0,0,400,-9.03
231470.0,159.02,150.0,0,400,-9.02
231570.0,159.06,150.0,0,400,-9.06
231670.0,159.09,150.0,0,400,-9.09
231770.0,159.07,150.0,0,400,-9.07
231870.0,159.13,150.0,0,400,-9.13
231970.0,159.13,150.0,0,400,-9.13
232070.0,159.09,150.0,11,400,-9.09
232170.0,159.13,150.0,0,400,-9.13
232270.0,159.13,150.0,0,400,-9.13
232370.0,159.13,150.0,0,400,-9.13
232470.0,159.07,150.0,100,400,-9.07
232570.0,159.05,150.0,0,400,-9.05
232670.0,159.14,150.0,0,400,-9.14
232770.0,159.17,150.0,0,400,-9.17
232870.0,159.13,150.0,1,400,-9.13
232970.0,159.14,150.0,0,400,-9.14
233070.0,159.1,150.0,22,400,-9.1
233170.0,159.16,150.0,0,400,-9.16
233270.0,159.13,150.0,0,400,-9.13
233370.0,159.16,150.0,0,400,-9.16
233470.0,159.2,150.0,0,400,-9.2
233570.0,159.23,150.0,0,400,-9.23
233670.0,159.19,150.0,58,400,-9.19
233770.0,159.2,150.0,0,400,-9.2
233870.0,159.25,150.0,0,400,-9.25
233970.0,159.22,150.0,0,400,-9.22
234070.0,159.19,150.0,7,400,-9.19
234170.0,159.16,150.0,0,400,-9.16
234270.0,159.14,150.0,0,400,-9.14
234370.0,159.18,150.0,0,400,-9.18
234470.0,159.22,150.0,0,400,-9.22
234570.0,159.29,150.0,0,400,-9.29
234670.0,159.25,150.0,21,400,-9.25
234770.0,159.24,150.0,0,400,-9.24
234870.0,159.22,150.0,0,400,-9.22
234970.0,159.18,150.0,46,400,-9.18
235070.0,159.14,150.0,10,400,-9.14
235170.0,159.18,150.0,0,400,-9.18
235270.0,159.2,150.0,0,400,-9.2
235370.0,159.23,150.0,0,400,-9.23
235470.0,159.25,150.0,0,400,-9.25
235570.0,159.29,150.0,0,400,-9.29
235670.0,159.3,150.0,0,400,-9.3
235770.0,159.28,150.0,0,400,-9.28
235870.0,159.33,150.0,0,400,-9.33
235970.0,159.34,150.0,0,400,-9.34
236070.0,159.34,150.0,0,400,-9.34
236170.0,159.34,150.0,0,400,-9.34
236270.0,159.32,150.0,0,400,-9.32
236370.0,159.31,150.0,0,400,-9.31
236470.0,159.3,150.0,0,400,-9.3
236570.0,159.27,150.0,0,400,-9.27
236670.0,159.29,150.0,0,400,-9.29
236770.0,159.28,150.0,0,400,-9.28
236870.0,159.26,150.0,0,400,-9.26
236970.0,159.25,150.0,0,400,-9.25
237070.0,159.27,150.0,0,400,-9.27
237170.0,159.28,150.0,0,400,-9.28
237270.0,159.28,150.0,0,400,-9.28
237370.0,159.28,150.0,0,400,-9.28
237470.0,159.34,150.0,0,400,-9.34
237570.0,159.37,150.0,0,400,-9.37
237670.0,159.35,150.0,0,400,-9.35
237770.0,159.34,150.0,0,400,-9.34
237870.0,159.4,150.0,0,400,-9.4
237970.0,159.4,150.0,0,400,-9.4
238070.0,159.45,150.0,0,400,-9.45
238170.0,159.45,150.0,0,400,-9.45
238270.0,159.46,150.0,0,400,-9.46
238370.0,159.45,150.0,0,400,-9.45
238470.0,159.44,150.0,0,400,-9.44
238570.0,159.43,150.0,0,400,-9.43
238670.0,159.44,150.0,0,400,-9.44
238770.0,159.4,150.0,21,400,-9.4
238870.0,159.46,150.0,0,400,-9.46
238970.0,159.41,150.0,86,400,-9.41
239070.0,159.41,150.0,0,400,-9.41
239170.0,159.39,150.0,0,400,-9.39
239270.0,159.38,150.0,0,400,-9.38
239370.0,159.44,150.0,0,400,-9.44
239470.0,159.42,150.0,0,400,-9.42
239570.0,159.39,150.0,5,400,-9.39
239670.0,159.38,150.0,0,400,-9.38
239770.0,159.35,150.0,15,400,-9.35
239870.0,159.37,150.0,0,400,-9.37
239970.0,159.38,150.0,0,400,-9.38
240070.0,159.44,150.0,0,400,-9.44
240170.0,159.41,150.0,0,400,-9.41
240270.0,159.36,150.0,86,400,-9.36
240370.0,159.33,150.0,0,400,-9.33
240470.0,159.32,150.0,0,400,-9.32
240570.0,159.31,150.0,0,400,-9.31
240670.0,159.33,150.0,0,400,-9.33
240770.0,159.33,150.0,0,400,-9.33
240870.0,159.38,150.0,0,400,-9.38
240970.0,159.37,150.0,0,400,-9.37
241070.0,159.39,150.0,0,400,-9.39
241170.0,159.37,150.0,0,400,-9.37
241270.0,159.41,150.0,0,400,-9.41
241370.0,159.32,150.0,100,400,-9.32
241470.0,159.29,150.0,8,400,-9.29
241570.0,159.28,150.0,0,400,-9.28
241670.0,159.24,150.0,62,400,-9.24
241770.0,159.19,150.0,66,400,-9.19
241870.0,159.22,150.0,0,400,-9.22
241970.0,159.25,150.0,0,400,-9.25
242070.0,159.26,150.0,0,400,-9.26
242170.0,159.29,150.0,0,400,-9.29
242270.0,159.25,150.0,69,400,-9.25
242370.0,159.27,150.0,0,400,-9.27
242470.0,159.22,150.0,92,400,-9.22
242570.0,159.17,150.0,91,400,-9.17
242670.0,159.14,150.0,0,400,-9.14
242770.0,159.18,150.0,0,400,-9.18
242870.0,159.23,150.0,0,400,-9.23
242970.0,159.16,150.0,100,400,-9.16
243070.0,159.2,150.0,0,400,-9.2
243170.0,159.14,150.0,100,400,-9.14
243270.0,159.13,150.0,0,400,-9.13
243370.0,159.1,150.0,18,400,-9.1
243470.0,159.12,150.0,0,400,-9.12
243570.0,159.06,150.0,100,400,-9.06
243670.0,159.03,150.0,0,400,-9.03
243770.0,159.01,150.0,0,400,-9.01
243870.0,159.02,150.0,0,400,-9.02
243970.0,159.02,150.0,0,400,-9.02
244070.0,159.03,150.0,0,400,-9.03
244170.0,159.06,150.0,0,400,-9.06
244270.0,159.08,150.0,0,400,-9.08
244370.0,159.05,150.0,15,400,-9.05
244470.0,159.04,150.0,0,400,-9.04
244570.0,159.0,150.0,23,400,-9.0
244670.0,159.01,150.0,0,400,-9.01
244770.0,159.01,150.0,0,400,-9.01
244870.0,159.05,150.0,0,400,-9.05
244970.0,159.02,150.0,0,400,-9.02
245070.0,159.07,150.0,0,400,-9.07
245170.0,159.04,150.0,3,400,-9.04
245270.0,159.03,150.0,0,400,-9.03
245370.0,159.05,150.0,0,400,-9.05
245470.0,159.05,150.0,0,400,-9.05
245570.0,159.0,150.0,76,400,-9.0
245670.0,159.05,150.0,0,400,-9.05
245770.0,159.05,150.0,0,400,-9.05
245870.0,159.1,150.0,0,400,-9.1
245970.0,159.14,150.0,0,400,-9.14
246070.0,159.12,150.0,0,400,-9.12
246170.0,159.12,150.0,0,400,-9.12
246270.0,159.1,150.0,0,400,-9.1
246370.0,159.15,150.0,0,400,-9.15
246470.0,159.14,150.0,0,400,-9.14
246570.0,159.19,150.0,0,400,-9.19
246670.0,159.23,150.0,0,400,-9.23
246770.0,159.2,150.0,0,400,-9.2
246870.0,159.22,150.0,0,400,-9.22
246970.0,159.3,150.0,0,400,-9.3
247070.0,159.4,150.0,0,400,-9.4
247170.0,159.41,150.0,0,400,-9.41
247270.0,159.46,150.0,0,400,-9.46
247370.0,159.51,150.0,0,400,-9.51
247470.0,159.54,150.0,0,400,-9.54
247570.0,159.52,150.0,0,400,-9.52
247670.0,159.48,150.0,2,400,-9.48
247770.0,159.51,150.0,0,400,-9.51
247870.0,159.52,150.0,0,400,-9.52
247970.0,159.5,150.0,0,400,-9.5
248070.0,159.54,150.0,0,400,-9.54
248170.0,159.56,150.0,0,400,-9.56
248270.0,159.6,150.0,0,400,-9.6
248370.0,159.58,150.0,0,400,-9.58
248470.0,159.6,150.0,0,400,-9.6
248570.0,159.65,150.0,0,400,-9.65
248670.0,159.69,150.0,0,400,-9.69
248770.0,159.7,150.0,0,400,-9.7
248870.0,159.71,150.0,0,400,-9.71
248970.0,159.74,150.0,0,400,-9.74
249070.0,159.75,150.0,0,400,-9.75
249170.0,159.78,150.0,0,400,-9.78
249270.0,159.81,150.0,0,400,-9.81
249370.0,159.82,150.0,0,400,-9.82
249470.0,159.85,150.0,0,400,-9.85
249570.0,159.88,150.0,0,400,-9.88
249670.0,159.85,150.0,0,400,-9.85
249770.0,159.87,150.0,0,400,-9.87
249870.0,159.87,150.0,0,400,-9.87
249970.0,159.86,150.0,0,400,-9.86
250070.0,159.87,150.0,0,400,-9.87
250170.0,159.9,150.0,0,400,-9.9
250270.0,159.94,150.0,0,400,-9.94
250370.0,159.92,150.0,0,400,-9.92
250470.0,159.96,150.0,0,400,-9.96
250570.0,159.96,150.0,0,400,-9.96
250670.0,159.93,150.0,1,400,-9.93
250770.0,159.95,150.0,0,400,-9.95
250870.0,159.94,150.0,0,400,-9.94
250970.0,159.96,150.0,0,400,-9.96
251070.0,159.94,150.0,0,400,-9.94
251170.0,159.96,150.0,0,400,-9.96
251270.0,159.97,150.0,0,400,-9.97
251370.0,159.97,150.0,0,400,-9.97
251470.0,159.99,150.0,0,400,-9.99
251570.0,160.03,150.0,0,400,-10.03
251670.0,160.06,150.0,0,400,-10.06
251770.0,160.08,150.0,0,400,-10.08
251870.0,160.02,150.0,100,400,-10.02
251970.0,160.04,150.0,0,400,-10.04
252070.0,160.06,150.0,0,400,-10.06
252170.0,160.07,150.0,0,400,-10.07
252270.0,160.08,150.0,0,400,-10.08
252370.0,160.04,150.0,13,400,-10.04
252470.0,160.0,150.0,25,400,-10.0
252570.0,160.01,150.0,0,400,-10.01
252670.0,160.05,150.0,0,400,-10.05
252770.0,160.03,150.0,0,400,-10.03
252870.0,160.03,150.0,0,400,-10.03
252970.0,160.0,150.0,0,400,-10.0
253070.0,160.04,150.0,0,400,-10.04
253170.0,160.01,150.0,0,400,-10.01
253270.0,160.0,150.0,0,400,-10.0
253370.0,159.94,150.0,100,400,-9.94
253470.0,159.92,150.0,0,400,-9.92
253570.0,159.95,150.0,0,400,-9.95
253670.0,159.95,150.0,0,400,-9.95
253770.0,159.99,150.0,0,400,-9.99
253870.0,159.97,150.0,0,400,-9.97
253970.0,159.94,150.0,7,400,-9.94
254070.0,159.91,150.0,0,400,-9.91
254170.0,159.91,150.0,0,400,-9.91
254270.0,159.86,150.0,38,400,-9.86
254370.0,159.87,150.0,0,400,-9.87
254470.0,159.87,150.0,0,400,-9.87
254570.0,159.86,150.0,0,400,-9.86
254670.0,159.83,150.0,0,400,-9.83
254770.0,159.85,150.0,0,400,-9.85
254870.0,159.84,150.0,0,400,-9.84
254970.0,159.89,150.0,0,400,-9.89
255070.0,159.88,150.0,0,400,-9.88
255170.0,159.91,150.0,0,400,-9.91
255270.0,159.95,150.0,0,400,-9.95
255370.0,159.94,150.0,0,400,-9.94
255470.0,159.97,150.0,0,400,-9.97
255570.0,159.96,150.0,0,400,-9.96
255670.0,159.96,150.0,0,400,-9.96
255770.0,159.95,150.0,0,400,-9.95
255870.0,159.94,150.0,0,400,-9.94
255970.0,159.93,150.0,0,400,-9.93
256070.0,159.88,150.0,58,400,-9.88
256170.0,159.87,150.0,0,400,-9.87
256270.0,159.85,150.0,0,400,-9.85
256370.0,159.87,150.0,0,400,-9.87
256470.0,159.88,150.0,0,400,-9.88
256570.0,159.88,150.0,0,400,-9.88
256670.0,159.88,150.0,0,400,-9.88
256770.0,159.86,150.0,0,400,-9.86
256870.0,159.89,150.0,0,400,-9.89
256970.0,159.9,150.0,0,400,-9.9
257070.0,159.91,150.0,0,400,-9.91
257170.0,159.9,150.0,0,400,-9.9
257270.0,159.88,150.0,0,400,-9.88
257370.0,159.88,150.0,0,400,-9.88
257470.0,159.88,150.0,0,400,-9.88
257570.0,159.92,150.0,0,400,-9.92
257670.0,159.9,150.0,0,400,-9.9
257770.0,159.95,150.0,0,400,-9.95
257870.0,159.92,150.0,0,400,-9.92
257970.0,159.96,150.0,0,400,-9.96
258070.0,159.98,150.0,0,400,-9.98
258170.0,160.01,150.0,0,400,-10.01
258270.0,160.0,150.0,0,400,-10.0
258370.0,159.95,150.0,75,400,-9.95
258470.0,159.9,150.0,75,400,-9.9
258570.0,159.9,150.0,0,400,-9.9
258670.0,159.89,150.0,0,400,-9.89
258770.0,159.86,150.0,0,400,-9.86
258870.0,159.84,150.0,0,400,-9.84
258970.0,159.83,150.0,0,400,-9.83
259070.0,159.83,150.0,0,400,-9.83
259170.0,159.85,150.0,0,400,-9.85
259270.0,159.84,150.0,0,400,-9.84
259370.0,159.85,150.0,0,400,-9.85
259470.0,159.87,150.0,0,400,-9.87
259570.0,159.93,150.0,0,400,-9.93
259670.0,159.91,150.0,0,400,-9.91
259770.0,159.88,150.0,0,400,-9.88
259870.0,159.89,150.0,0,400,-9.89
259970.0,159.86,150.0,0,400,-9.86
260070.0,159.87,150.0,0,400,-9.87
260170.0,159.83,150.0,5,400,-9.83
260270.0,159.83,150.0,0,400,-9.83
260370.0,159.8,150.0,0,400,-9.8
260470.0,159.8,150.0,0,400,-9.8
260570.0,159.81,150.0,0,400,-9.81
260670.0,159.79,150.0,0,400,-9.79
260770.0,159.77,150.0,0,400,-9.77
260870.0,159.78,150.0,0,400,-9.78
260970.0,159.77,150.0,0,400,-9.77
261070.0,159.77,150.0,0,400,-9.77
261170.0,159.76,150.0,0,400,-9.76
261270.0,159.74,150.0,0,400,-9.74
261370.0,159.74,150.0,0,400,-9.74
261470.0,159.73,150.0,0,400,-9.73
261570.0,159.74,150.0,0,400,-9.74
261670.0,159.76,150.0,0,400,-9.76
261770.0,159.77,150.0,0,400,-9.77
261870.0,159.73,150.0,51,400,-9.73
261970.0,159.72,150.0,0,400,-9.72
262070.0,159.75,150.0,0,400,-9.75
262170.0,159.76,150.0,0,400,-9.76
262270.0,159.76,150.0,0,400,-9.76
262370.0,159.73,150.0,1,400,-9.73
262470.0,159.72,150.0,0,400,-9.72
262570.0,159.73,150.0,0,400,-9.73
262670.0,159.68,150.0,59,400,-9.68
262770.0,159.66,150.0,0,400,-9.66
262870.0,159.69,150.0,0,400,-9.69
262970.0,159.67,150.0,0,400,-9.67
263070.0,159.65,150.0,0,400,-9.65
263170.0,159.66,150.0,0,400,-9.66
263270.0,159.66,150.0,0,400,-9.66
263370.0,159.63,150.0,0,400,-9.63
263470.0,159.61,150.0,0,400,-9.61
263570.0,159.58,150.0,0,400,-9.58
263670.0,159.55,150.0,16,400,-9.55
263770.0,159.58,150.0,0,400,-9.58
263870.0,159.63,150.0,0,400,-9.63
263970.0,159.66,150.0,0,400,-9.66
264070.0,159.61,150.0,89,400,-9.61
264170.0,159.59,150.0,0,400,-9.59
264270.0,159.61,150.0,0,400,-9.61
264370.0,159.55,150.0,100,400,-9.55
264470.0,159.54,150.0,0,400,-9.54
264570.0,159.53,150.0,0,400,-9.53
264670.0,159.51,150.0,0,400,-9.51
264770.0,159.46,150.0,83,400,-9.46
264870.0,159.46,150.0,0,400,-9.46
264970.0,159.48,150.0,0,400,-9.48
265070.0,159.43,150.0,55,400,-9.43
265170.0,159.41,150.0,0,400,-9.41
265270.0,159.45,150.0,0,400,-9.45
265370.0,159.43,150.0,0,400,-9.43
265470.0,159.44,150.0,0,400,-9.44
265570.0,159.45,150.0,0,400,-9.45
265670.0,159.41,150.0,35,400,-9.41
265770.0,159.34,150.0,100,400,-9.34
265870.0,159.4,150.0,0,400,-9.4
265970.0,159.42,150.0,0,400,-9.42
266070.0,159.41,150.0,0,400,-9.41
266170.0,159.37,150.0,41,400,-9.37
266270.0,159.39,150.0,0,400,-9.39
266370.0,159.34,150.0,64,400,-9.34
266470.0,159.31,150.0,0,400,-9.31
266570.0,159.24,150.0,100,400,-9.24
266670.0,159.31,150.0,0,400,-9.31
266770.0,159.34,150.0,0,400,-9.34
266870.0,159.33,150.0,0,400,-9.33
266970.0,159.29,150.0,12,400,-9.29
267070.0,159.26,150.0,26,400,-9.26
267170.0,159.22,150.0,38,400,-9.22
267270.0,159.26,150.0,0,400,-9.26
267370.0,159.27,150.0,0,400,-9.27
267470.0,159.28,150.0,0,400,-9.28
267570.0,159.3,150.0,0,400,-9.3
267670.0,159.27,150.0,36,400,-9.27
267770.0,159.26,150.0,0,400,-9.26
267870.0,159.27,150.0,0,400,-9.27
267970.0,159.28,150.0,0,400,-9.28
268070.0,159.22,150.0,100,400,-9.22
268170.0,159.17,150.0,46,400,-9.17
268270.0,159.19,150.0,0,400,-9.19
268370.0,159.17,150.0,0,400,-9.17
268470.0,159.17,150.0,0,400,-9.17
268570.0,159.15,150.0,0,400,-9.15
268670.0,159.09,150.0,100,400,-9.09
268770.0,159.09,150.0,0,400,-9.09
268870.0,159.06,150.0,0,400,-9.06
268970.0,159.06,150.0,0,400,-9.06
269070.0,159.12,150.0,0,400,-9.12
269170.0,159.15,150.0,0,400,-9.15
269270.0,159.14,150.0,0,400,-9.14
269370.0,159.07,150.0,100,400,-9.07
269470.0,159.1,150.0,0,400,-9.1
269570.0,159.13,150.0,0,400,-9.13
269670.0,159.19,150.0,0,400,-9.19
269770.0,159.14,150.0,64,400,-9.14
269870.0,159.16,150.0,0,400,-9.16
269970.0,159.13,150.0,1,400,-9.13
270070.0,159.12,150.0,0,400,-9.12
270170.0,159.14,150.0,0,400,-9.14
270270.0,159.18,150.0,0,400,-9.18
270370.0,159.22,150.0,0,400,-9.22
270470.0,159.16,150.0,90,400,-9.16
270570.0,159.13,150.0,1,400,-9.13
270670.0,159.09,150.0,62,400,-9.09
270770.0,159.07,150.0,0,400,-9.07
270870.0,159.11,150.0,0,400,-9.11
270970.0,159.09,150.0,0,400,-9.09
271070.0,159.11,150.0,0,400,-9.11
271170.0,159.14,150.0,0,400,-9.14
271270.0,159.13,150.0,0,400,-9.13
271370.0,159.13,150.0,0,400,-9.13
271470.0,159.17,150.0,0,400,-9.17
271570.0,159.13,150.0,47,400,-9.13
271670.0,159.12,150.0,0,400,-9.12
271770.0,159.12,150.0,0,400,-9.12
271870.0,159.13,150.0,0,400,-9.13
271970.0,159.18,150.0,0,400,-9.18
272070.0,159.21,150.0,0,400,-9.21
272170.0,159.19,150.0,0,400,-9.19
272270.0,159.23,150.0,0,400,-9.23
272370.0,159.19,150.0,60,400,-9.19
272470.0,159.22,150.0,0,400,-9.22
272570.0,159.22,150.0,0,400,-9.22
272670.0,159.26,150.0,0,400,-9.26
272770.0,159.27,150.0,0,400,-9.27
272870.0,159.35,150.0,0,400,-9.35
272970.0,159.39,150.0,0,400,-9.39
273070.0,159.37,150.0,0,400,-9.37
273170.0,159.41,150.0,0,400,-9.41
273270.0,159.37,150.0,41,400,-9.37
273370.0,159.32,150.0,94,400,-9.32
273470.0,159.31,150.0,0,400,-9.31
273570.0,159.34,150.0,0,400,-9.34
273670.0,159.35,150.0,0,400,-9.35
273770.0,159.35,150.0,0,400,-9.35
273870.0,159.39,150.0,0,400,-9.39
273970.0,159.46,150.0,0,400,-9.46
274070.0,159.49,150.0,0,400,-9.49
274170.0,159.47,150.0,0,400,-9.47
274270.0,159.52,150.0,0,400,-9.52
274370.0,159.51,150.0,0,400,-9.51
274470.0,159.47,150.0,45,400,-9.47
274570.0,159.47,150.0,0,400,-9.47
274670.0,159.52,150.0,0,400,-9.52
274770.0,159.57,150.0,0,400,-9.57
274870.0,159.58,150.0,0,400,-9.58
274970.0,159.6,150.0,0,400,-9.6
275070.0,159.65,150.0,0,400,-9.65
275170.0,159.64,150.0,0,400,-9.64
275270.0,159.6,150.0,23,400,-9.6
275370.0,159.6,150.0,0,400,-9.6
275470.0,159.59,150.0,0,400,-9.59
275570.0,159.59,150.0,0,400,-9.59
275670.0,159.63,150.0,0,400,-9.63
275770.0,159.62,150.0,0,400,-9.62
275870.0,159.62,150.0,0,400,-9.62
275970.0,159.68,150.0,0,400,-9.68
276070.0,159.68,150.0,0,400,-9.68
276170.0,159.66,150.0,0,400,-9.66
276270.0,159.67,150.0,0,400,-9.67
276370.0,159.72,150.0,0,400,-9.72
276470.0,159.69,150.0,0,400,-9.69
276570.0,159.69,150.0,0,400,-9.69
276670.0,159.72,150.0,0,400,-9.72
276770.0,159.73,150.0,0,400,-9.73
276870.0,159.75,150.0,0,400,-9.75
276970.0,159.75,150.0,0,400,-9.75
277070.0,159.77,150.0,0,400,-9.77
277170.0,159.74,150.0,0,400,-9.74
277270.0,159.76,150.0,0,400,-9.76
277370.0,159.82,150.0,0,400,-9.82
277470.0,159.81,150.0,0,400,-9.81
277570.0,159.85,150.0,0,400,-9.85
277670.0,159.85,150.0,0,400,-9.85
277770.0,159.83,150.0,0,400,-9.83
277870.0,159.84,150.0,0,400,-9.84
277970.0,159.84,150.0,0,400,-9.84
278070.0,159.85,150.0,0,400,-9.85
278170.0,159.86,150.0,0,400,-9.86
278270.0,159.9,150.0,0,400,-9.9
278370.0,159.9,150.0,0,400,-9.9
278470.0,159.92,150.0,0,400,-9.92
278570.0,159.88,150.0,3,400,-9.88
278670.0,159.88,150.0,0,400,-9.88
278770.0,159.97,150.0,0,400,-9.97
278870.0,159.95,150.0,0,400,-9.95
278970.0,159.97,150.0,0,400,-9.97
279070.0,160.03,150.0,0,400,-10.03
279170.0,160.04,150.0,0,400,-10.04
279270.0,160.07,150.0,0,400,-10.07
279370.0,160.04,150.0,10,400,-10.04
279470.0,160.01,150.0,0,400,-10.01
279570.0,160.0,150.0,0,400,-10.0
279670.0,160.0,150.0,0,400,-10.0
279770.0,159.97,150.0,0,400,-9.97
279870.0,160.0,150.0,0,400,-10.0
279970.0,160.0,150.0,0,400,-10.0
280070.0,160.03,150.0,0,400,-10.03
280170.0,160.02,150.0,0,400,-10.02
280270.0,160.05,150.0,0,400,-10.05
280370.0,160.09,150.0,0,400,-10.09
280470.0,160.06,150.0,0,400,-10.06
280570.0,160.04,150.0,0,400,-10.04
280670.0,160.08,150.0,0,400,-10.08
280770.0,160.11,150.0,0,400,-10.11
280870.0,160.1,150.0,0,400,-10.1
280970.0,160.11,150.0,0,400,-10.11
281070.0,160.09,150.0,0,400,-10.09
281170.0,160.14,150.0,0,400,-10.14
281270.0,160.14,150.0,0,400,-10.14
281370.0,160.09,150.0,70,400,-10.09
281470.0,160.13,150.0,0,400,-10.13
281570.0,160.08,150.0,61,400,-10.08
281670.0,160.07,150.0,0,400,-10.07
281770.0,160.1,150.0,0,400,-10.1
281870.0,160.08,150.0,0,400,-10.08
281970.0,160.1,150.0,0,400,-10.1
282070.0,160.12,150.0,0,400,-10.12
282170.0,160.13,150.0,0,400,-10.13
282270.0,160.09,150.0,18,400,-10.09
282370.0,160.12,150.0,0,400,-10.12
282470.0,160.12,150.0,0,400,-10.12
282570.0,160.08,150.0,4,400,-10.08
282670.0,160.1,150.0,0,400,-10.1
282770.0,160.13,150.0,0,400,-10.13
282870.0,160.06,150.0,100,400,-10.06
282970.0,160.1,150.0,0,400,-10.1
283070.0,160.12,150.0,0,400,-10.12
283170.0,160.16,150.0,0,400,-10.16
283270.0,160.13,150.0,0,400,-10.13
283370.0,160.09,150.0,13,400,-10.09
283470.0,160.14,150.0,0,400,-10.14
283570.0,160.12,150.0,0,400,-10.12
283670.0,160.07,150.0,96,400,-10.07
283770.0,160.07,150.0,0,400,-10.07
283870.0,160.1,150.0,0,400,-10.1
283970.0,160.11,150.0,0,400,-10.11
284070.0,160.13,150.0,0,400,-10.13
284170.0,160.14,150.0,0,400,-10.14
284270.0,160.15,150.0,0,400,-10.15
284370.0,160.14,150.0,0,400,-10.14
284470.0,160.11,150.0,0,400,-10.11
284570.0,160.1,150.0,0,400,-10.1
284670.0,160.06,150.0,29,400,-10.06
284770.0,160.06,150.0,0,400,-10.06
284870.0,160.09,150.0,0,400,-10.09
284970.0,160.11,150.0,0,400,-10.11
285070.0,160.08,150.0,0,400,-10.08
285170.0,160.05,150.0,20,400,-10.05
285270.0,160.08,150.0,0,400,-10.08
285370.0,160.05,150.0,0,400,-10.05
285470.0,160.01,150.0,33,400,-10.01
285570.0,159.97,150.0,41,400,-9.97
285670.0,160.04,150.0,0,400,-10.04
285770.0,160.0,150.0,25,400,-10.0
285870.0,159.98,150.0,0,400,-9.98
285970.0,159.98,150.0,0,400,-9.98
286070.0,159.97,150.0,0,400,-9.97
286170.0,159.96,150.0,0,400,-9.96
286270.0,160.0,150.0,0,400,-10.0
286370.0,159.99,150.0,0,400,-9.99
286470.0,159.98,150.0,0,400,-9.98
