Timestamp_PC,Tick_MCU,Temp,Target,PWM,Speed,PID_Error,System_Error_Code,Status_Flags
11:43:59.079,98725,54.73,250.0,0.0,0.0,195.26,0,0
11:43:59.177,98825,54.68,250.0,0.0,0.0,195.31,0,0
11:43:59.280,98925,54.64,250.0,0.0,0.0,195.35,0,0
11:43:59.379,99025,54.62,250.0,0.0,0.0,195.37,0,0
11:43:59.476,99125,54.59,250.0,0.0,0.0,195.4,0,0
11:43:59.575,99225,54.62,250.0,0.0,0.0,195.37,0,0
11:43:59.684,99325,54.67,250.0,0.0,0.0,195.32,0,0
11:43:59.776,99425,54.65,250.0,0.0,0.0,195.34,0,0
11:43:59.878,99525,54.64,250.0,0.0,0.0,195.35,0,0
11:43:59.977,99625,54.64,250.0,0.0,0.0,195.35,0,0
11:44:00.096,99725,54.67,250.0,0.0,0.0,195.32,0,0
11:44:00.177,99825,54.59,250.0,0.0,0.0,195.4,0,0
11:44:00.277,99925,54.55,250.0,0.0,0.0,195.44,0,0
11:44:00.380,100025,54.55,250.0,0.0,0.0,195.44,0,0
11:44:00.482,100125,54.54,250.0,0.0,0.0,195.45,0,0
11:44:00.577,100225,54.49,250.0,0.0,0.0,195.5,0,0
11:44:00.684,100325,54.49,250.0,0.0,0.0,195.5,0,0
11:44:00.777,100425,54.4,250.0,0.0,0.0,195.59,0,0
11:44:00.876,100525,54.45,250.0,0.0,0.0,195.54,0,0
11:44:00.978,100625,54.5,250.0,0.0,0.0,195.49,0,0
11:44:01.087,100725,54.54,250.0,0.0,0.0,195.45,0,0
11:44:01.183,100825,54.64,250.0,0.0,0.0,195.35,0,0
11:44:01.281,100925,54.6,250.0,0.0,0.0,195.39,0,0
11:44:01.378,101025,54.64,250.0,0.0,0.0,195.35,0,0
11:44:01.477,101125,54.66,250.0,0.0,0.0,195.33,0,0
11:44:01.588,101225,54.62,250.0,0.0,0.0,195.37,0,0
11:44:01.676,101325,54.65,250.0,0.0,0.0,195.34,0,0
11:44:01.777,101425,54.61,250.0,0.0,0.0,195.38,0,0
11:44:01.884,101525,54.6,250.0,0.0,0.0,195.39,0,0
11:44:01.976,101625,54.55,250.0,0.0,0.0,195.44,0,0
11:44:02.078,101725,54.58,250.0,0.0,0.0,195.41,0,0
11:44:02.176,101825,54.53,250.0,0.0,0.0,195.46,0,0
11:44:02.277,101925,54.55,250.0,0.0,0.0,195.44,0,0
11:44:02.380,102025,54.56,250.0,0.0,0.0,195.43,0,0
11:44:02.476,102125,54.53,250.0,0.0,0.0,195.46,0,0
11:44:02.578,102225,54.55,250.0,0.0,0.0,195.44,0,0
11:44:02.676,102325,54.48,250.0,0.0,0.0,195.51,0,0
11:44:02.780,102425,54.5,250.0,0.0,0.0,195.49,0,0
11:44:02.876,102525,54.43,250.0,0.0,0.0,195.56,0,0
11:44:02.981,102625,54.46,250.0,0.0,0.0,195.53,0,0
11:44:03.076,102725,54.42,250.0,0.0,0.0,195.57,0,0
11:44:03.176,102825,54.49,250.0,0.0,0.0,195.5,0,0
11:44:03.277,102925,54.51,250.0,0.0,0.0,195.48,0,0
11:44:03.380,103025,54.51,250.0,0.0,0.0,195.48,0,0
11:44:03.500,103125,54.57,250.0,0.0,0.0,195.42,0,0
11:44:03.580,103225,54.63,250.0,0.0,0.0,195.36,0,0
11:44:03.682,103325,54.68,250.0,0.0,0.0,195.31,0,0
11:44:03.775,103425,54.68,250.0,0.0,0.0,195.31,0,0
11:44:03.878,103525,54.72,250.0,0.0,0.0,195.27,0,0
11:44:03.975,103625,54.66,250.0,0.0,0.0,195.33,0,0
11:44:04.076,103725,54.64,250.0,0.0,0.0,195.35,0,0
11:44:04.177,103825,54.64,250.0,0.0,0.0,195.35,0,0
11:44:04.277,103925,54.59,250.0,0.0,0.0,195.4,0,0
11:44:04.381,104025,54.6,250.0,0.0,0.0,195.39,0,0
11:44:04.476,104125,54.61,250.0,0.0,0.0,195.38,0,0
11:44:04.580,104225,54.57,250.0,0.0,0.0,195.42,0,0
11:44:04.676,104325,54.61,250.0,0.0,0.0,195.38,0,0
11:44:04.776,104425,54.49,250.0,0.0,0.0,195.5,0,0
11:44:04.876,104525,54.51,250.0,0.0,0.0,195.48,0,0
11:44:04.975,104625,54.42,250.0,0.0,0.0,195.57,0,0
11:44:05.076,104725,54.45,250.0,0.0,0.0,195.54,0,0
11:44:05.186,104825,54.47,250.0,0.0,0.0,195.52,0,0
11:44:05.276,104925,54.49,250.0,0.0,0.0,195.5,0,0
11:44:05.378,105025,54.49,250.0,0.0,0.0,195.5,0,0
11:44:05.476,105125,54.51,250.0,0.0,0.0,195.48,0,0
11:44:05.575,105225,54.49,250.0,0.0,0.0,195.5,0,0
11:44:05.676,105325,54.51,250.0,0.0,0.0,195.48,0,0
11:44:05.779,105425,54.51,250.0,0.0,0.0,195.48,0,0
11:44:05.877,105525,54.57,250.0,0.0,0.0,195.42,0,0
11:44:05.975,105625,54.5,250.0,0.0,0.0,195.49,0,0
11:44:06.081,105725,54.43,250.0,0.0,0.0,195.56,0,0
11:44:06.176,105825,54.39,250.0,0.0,0.0,195.6,0,0
11:44:06.275,105925,54.38,250.0,0.0,0.0,195.61,0,0
11:44:06.375,106025,54.41,250.0,0.0,0.0,195.58,0,0
11:44:06.478,106125,54.46,250.0,0.0,0.0,195.53,0,0
11:44:06.575,106225,54.42,250.0,0.0,0.0,195.57,0,0
11:44:06.677,106325,54.38,250.0,0.0,0.0,195.61,0,0
11:44:06.777,106425,54.44,250.0,0.0,0.0,195.55,0,0
11:44:06.899,106525,54.33,250.0,0.0,0.0,195.66,0,0
11:44:06.977,106625,54.35,250.0,0.0,0.0,195.64,0,0
11:44:07.075,106725,54.38,250.0,0.0,0.0,195.61,0,0
11:44:07.175,106825,54.37,250.0,0.0,0.0,195.62,0,0
11:44:07.277,106925,54.34,250.0,0.0,0.0,195.65,0,0
11:44:07.376,107025,54.37,250.0,0.0,0.0,195.62,0,0
11:44:07.481,107125,54.34,250.0,0.0,0.0,195.65,0,0
11:44:07.576,107225,54.4,250.0,0.0,0.0,195.59,0,0
11:44:07.675,107325,54.43,250.0,0.0,0.0,195.56,0,0
11:44:07.775,107425,54.43,250.0,0.0,0.0,195.56,0,0
11:44:07.874,107525,54.48,250.0,0.0,0.0,195.51,0,0
11:44:07.974,107625,54.5,250.0,0.0,0.0,195.49,0,0
11:44:08.075,107725,54.57,250.0,0.0,0.0,195.42,0,0
11:44:08.176,107825,54.54,250.0,0.0,0.0,195.45,0,0
11:44:08.275,107925,54.44,250.0,0.0,0.0,195.55,0,0
11:44:08.376,108025,54.43,250.0,0.0,0.0,195.56,0,0
11:44:08.477,108125,54.45,250.0,0.0,0.0,195.54,0,0
11:44:08.576,108225,54.45,250.0,0.0,0.0,195.54,0,0
11:44:08.595,108244,54.5,250.0,0.0,0.0,195.49,0,0
11:44:08.676,108325,54.54,250.0,0.0,0.0,195.45,0,0
11:44:08.781,108425,54.49,250.0,0.0,0.0,195.5,0,0
11:44:08.914,108525,54.49,250.0,0.0,0.0,195.5,0,0
11:44:08.943,108544,54.56,250.0,0.0,0.0,195.43,0,0
11:44:08.992,108625,54.61,250.0,0.0,0.0,195.38,0,0
11:44:09.092,108725,54.64,250.0,0.0,0.0,195.35,0,0
11:44:09.176,108825,54.69,250.0,0.0,0.0,195.3,0,0
11:44:09.275,108925,54.67,250.0,0.0,0.0,195.32,0,0
11:44:09.377,109025,54.65,250.0,0.0,0.0,195.34,0,0
11:44:09.476,109125,54.68,250.0,0.0,0.0,195.31,0,0
11:44:09.574,109225,54.68,250.0,0.0,0.0,195.31,0,0
11:44:09.676,109325,54.64,250.0,0.0,0.0,195.35,0,0
11:44:09.774,109425,54.58,250.0,0.0,0.0,195.41,0,0
11:44:09.879,109525,54.61,250.0,0.0,0.0,195.38,0,0
11:44:09.977,109625,54.62,250.0,0.0,0.0,195.37,0,0
11:44:10.074,109725,54.63,250.0,0.0,0.0,195.36,0,0
11:44:10.175,109825,54.57,250.0,0.0,0.0,195.42,0,0
11:44:10.305,109925,54.52,250.0,0.0,0.0,195.47,0,0
11:44:10.379,110025,54.41,250.0,0.0,0.0,195.58,0,0
11:44:10.476,110125,54.39,250.0,0.0,0.0,195.6,0,0
11:44:10.574,110225,54.4,250.0,0.0,0.0,195.59,0,0
11:44:10.676,110325,54.45,250.0,0.0,0.0,195.54,0,0
11:44:10.774,110425,54.43,250.0,0.0,0.0,195.56,0,0
11:44:10.879,110525,54.4,250.0,0.0,0.0,195.59,0,0
11:44:10.973,110625,54.45,250.0,0.0,0.0,195.54,0,0
11:44:11.074,110725,54.36,250.0,0.0,0.0,195.63,0,0
11:44:11.176,110825,54.4,250.0,0.0,0.0,195.59,0,0
11:44:11.275,110925,54.43,250.0,0.0,0.0,195.56,0,0
11:44:11.374,111025,54.41,250.0,0.0,0.0,195.58,0,0
11:44:11.475,111125,54.4,250.0,0.0,0.0,195.59,0,0
11:44:11.574,111225,54.43,250.0,0.0,0.0,195.56,0,0
11:44:11.675,111325,54.5,250.0,0.0,0.0,195.49,0,0
11:44:11.774,111425,54.45,250.0,0.0,0.0,195.54,0,0
11:44:11.873,111525,54.46,250.0,0.0,0.0,195.53,0,0
11:44:11.975,111625,54.39,250.0,0.0,0.0,195.6,0,0
11:44:12.074,111725,54.42,250.0,0.0,0.0,195.57,0,0
11:44:12.175,111825,54.45,250.0,0.0,0.0,195.54,0,0
11:44:12.273,111925,54.43,250.0,0.0,0.0,195.56,0,0
11:44:12.377,112025,54.39,250.0,0.0,0.0,195.6,0,0
11:44:12.476,112125,54.4,250.0,0.0,0.0,195.59,0,0
11:44:12.578,112225,54.43,250.0,0.0,0.0,195.56,0,0
11:44:12.674,112325,54.4,250.0,0.0,0.0,195.59,0,0
11:44:12.781,112425,54.36,250.0,0.0,0.0,195.63,0,0
11:44:12.873,112525,54.29,250.0,0.0,0.0,195.7,0,0
11:44:12.973,112625,54.24,250.0,0.0,0.0,195.75,0,0
11:44:13.073,112725,54.22,250.0,0.0,0.0,195.77,0,0
11:44:13.173,112825,54.23,250.0,0.0,0.0,195.76,0,0
11:44:13.295,112925,54.23,250.0,0.0,0.0,195.76,0,0
11:44:13.298,112945,54.3,250.0,0.0,0.0,195.69,0,0
11:44:13.380,113025,54.36,250.0,0.0,0.0,195.63,0,0
11:44:13.475,113125,54.37,250.0,0.0,0.0,195.62,0,0
11:44:13.577,113225,54.45,250.0,0.0,0.0,195.54,0,0
11:44:13.689,113325,54.41,250.0,0.0,0.0,195.58,0,0
11:44:13.695,113344,54.44,250.0,0.0,0.0,195.55,0,0
11:44:13.780,113425,54.46,250.0,0.0,0.0,195.53,0,0
11:44:13.875,113525,54.47,250.0,0.0,0.0,195.52,0,0
11:44:13.975,113625,54.4,250.0,0.0,0.0,195.59,0,0
11:44:14.079,113725,54.39,250.0,0.0,0.0,195.6,0,0
11:44:14.177,113825,54.38,250.0,0.0,0.0,195.61,0,0
11:44:14.275,113925,54.37,250.0,0.0,0.0,195.62,0,0
11:44:14.379,114025,54.44,250.0,0.0,0.0,195.55,0,0
11:44:14.476,114125,54.42,250.0,0.0,0.0,195.57,0,0
11:44:14.579,114225,54.41,250.0,0.0,0.0,195.58,0,0
11:44:14.675,114325,54.35,250.0,0.0,0.0,195.64,0,0
11:44:14.775,114425,54.32,250.0,0.0,0.0,195.67,0,0
11:44:14.876,114525,54.34,250.0,0.0,0.0,195.65,0,0
11:44:14.977,114625,54.35,250.0,0.0,0.0,195.64,0,0
11:44:15.075,114725,54.34,250.0,0.0,0.0,195.65,0,0
11:44:15.176,114825,54.36,250.0,0.0,0.0,195.63,0,0
11:44:15.277,114925,54.33,250.0,0.0,0.0,195.66,0,0
11:44:15.379,115025,54.34,250.0,0.0,0.0,195.65,0,0
11:44:15.475,115125,54.31,250.0,0.0,0.0,195.68,0,0
11:44:15.575,115225,54.31,250.0,0.0,0.0,195.68,0,0
11:44:15.676,115325,54.33,250.0,0.0,0.0,195.66,0,0
11:44:15.775,115425,54.3,250.0,0.0,0.0,195.69,0,0
11:44:15.878,115525,54.19,250.0,0.0,0.0,195.8,0,0
11:44:15.975,115625,54.22,250.0,0.0,0.0,195.77,0,0
11:44:16.075,115725,54.22,250.0,0.0,0.0,195.77,0,0
11:44:16.176,115825,54.2,250.0,0.0,0.0,195.79,0,0
11:44:16.276,115925,54.17,250.0,0.0,0.0,195.82,0,0
11:44:16.374,116025,54.2,250.0,0.0,0.0,195.79,0,0
11:44:16.499,116125,54.2,250.0,0.0,0.0,195.79,0,0
11:44:16.579,116225,54.23,250.0,0.0,0.0,195.76,0,0
11:44:16.677,116325,54.23,250.0,0.0,0.0,195.76,0,0
11:44:16.700,116344,54.3,250.0,0.0,0.0,195.69,0,0
11:44:16.775,116425,54.36,250.0,0.0,0.0,195.63,0,0
11:44:16.875,116525,54.35,250.0,0.0,0.0,195.64,0,0
11:44:16.990,116625,54.34,250.0,0.0,0.0,195.65,0,0
11:44:17.080,116725,54.27,250.0,0.0,0.0,195.72,0,0
11:44:17.197,116825,54.27,250.0,0.0,0.0,195.72,0,0
11:44:17.211,116844,54.27,250.0,0.0,0.0,195.72,0,0
11:44:17.280,116925,54.27,250.0,0.0,0.0,195.72,0,0
11:44:17.374,117025,54.29,250.0,0.0,0.0,195.7,0,0
11:44:17.476,117125,54.29,250.0,0.0,0.0,195.7,0,0
11:44:17.495,117144,54.33,250.0,0.0,0.0,195.66,0,0
11:44:17.578,117225,54.39,250.0,0.0,0.0,195.6,0,0
11:44:17.674,117325,54.31,250.0,0.0,0.0,195.68,0,0
11:44:17.775,117425,54.33,250.0,0.0,0.0,195.66,0,0
11:44:17.874,117525,54.32,250.0,0.0,0.0,195.67,0,0
11:44:17.976,117625,54.29,250.0,0.0,0.0,195.7,0,0
11:44:18.074,117725,54.34,250.0,0.0,0.0,195.65,0,0
11:44:18.176,117825,54.31,250.0,0.0,0.0,195.68,0,0
11:44:18.276,117925,54.32,250.0,0.0,0.0,195.67,0,0
11:44:18.374,118025,54.36,250.0,0.0,0.0,195.63,0,0
11:44:18.475,118125,54.31,250.0,0.0,0.0,195.68,0,0
11:44:18.574,118225,54.35,250.0,0.0,0.0,195.64,0,0
11:44:18.674,118325,54.3,250.0,0.0,0.0,195.69,0,0
11:44:18.699,118344,54.36,250.0,0.0,0.0,195.63,0,0
11:44:18.781,118425,54.41,250.0,0.0,0.0,195.58,0,0
11:44:18.879,118525,54.36,250.0,0.0,0.0,195.63,0,0
11:44:18.978,118625,54.35,250.0,0.0,0.0,195.64,0,0
11:44:18.993,118644,54.32,250.0,0.0,0.0,195.67,0,0
11:44:19.075,118725,54.29,250.0,0.0,0.0,195.7,0,0
11:44:19.093,118744,54.33,250.0,0.0,0.0,195.66,0,0
11:44:19.175,118825,54.37,250.0,0.0,0.0,195.62,0,0
11:44:19.199,118844,54.44,250.0,0.0,0.0,195.55,0,0
11:44:19.300,118925,54.51,250.0,0.0,0.0,195.48,0,0
11:44:19.402,119025,54.51,250.0,0.0,0.0,195.48,0,0
11:44:19.498,119125,54.51,250.0,0.0,0.0,195.48,0,0
11:44:19.599,119225,54.44,250.0,0.0,0.0,195.55,0,0
11:44:19.699,119325,54.29,250.0,0.0,0.0,195.7,0,0
11:44:19.802,119425,54.33,250.0,0.0,0.0,195.66,0,0
11:44:19.913,119525,54.26,250.0,0.0,0.0,195.73,0,0
11:44:19.997,119625,54.22,250.0,0.0,0.0,195.77,0,0
11:44:20.100,119725,54.18,250.0,0.0,0.0,195.81,0,0
11:44:20.199,119825,54.19,250.0,0.0,0.0,195.8,0,0
11:44:20.298,119925,54.19,250.0,0.0,0.0,195.8,0,0
11:44:20.399,120025,54.14,250.0,0.0,0.0,195.85,0,0
11:44:20.497,120125,54.04,250.0,0.0,0.0,195.95,0,0
11:44:20.601,120225,54.06,250.0,0.0,0.0,195.93,0,0
11:44:20.698,120325,54.1,250.0,0.0,0.0,195.89,0,0
11:44:20.797,120425,54.14,250.0,0.0,0.0,195.85,0,0
11:44:20.897,120525,54.15,250.0,0.0,0.0,195.84,0,0
11:44:20.997,120625,54.14,250.0,0.0,0.0,195.85,0,0
11:44:21.099,120725,54.2,250.0,0.0,0.0,195.79,0,0
11:44:21.197,120825,54.18,250.0,0.0,0.0,195.81,0,0
11:44:21.297,120925,54.24,250.0,0.0,0.0,195.75,0,0
11:44:21.397,121025,54.2,250.0,0.0,0.0,195.79,0,0
11:44:21.497,121125,54.22,250.0,0.0,0.0,195.77,0,0
11:44:21.627,121225,54.21,250.0,0.0,0.0,195.78,0,0
11:44:21.697,121325,54.17,250.0,0.0,0.0,195.82,0,0
11:44:21.798,121425,54.11,250.0,0.0,0.0,195.88,0,0
11:44:21.899,121525,54.17,250.0,0.0,0.0,195.82,0,0
11:44:21.997,121625,54.16,250.0,0.0,0.0,195.83,0,0
11:44:22.097,121725,54.19,250.0,0.0,0.0,195.8,0,0
11:44:22.203,121825,54.16,250.0,0.0,0.0,195.83,0,0
11:44:22.297,121925,54.19,250.0,0.0,0.0,195.8,0,0
11:44:22.399,122025,54.24,250.0,0.0,0.0,195.75,0,0
11:44:22.499,122125,54.2,250.0,0.0,0.0,195.79,0,0
11:44:22.600,122225,54.16,250.0,0.0,0.0,195.83,0,0
11:44:22.699,122325,54.08,250.0,0.0,0.0,195.91,0,0
11:44:22.797,122425,54.06,250.0,0.0,0.0,195.93,0,0
11:44:22.897,122525,54.1,250.0,0.0,0.0,195.89,0,0
11:44:22.998,122625,54.1,250.0,0.0,0.0,195.89,0,0
11:44:23.016,122644,54.14,250.0,0.0,0.0,195.85,0,0
11:44:23.108,122725,54.2,250.0,0.0,0.0,195.79,0,0
11:44:23.197,122825,54.23,250.0,0.0,0.0,195.76,0,0
11:44:23.318,122925,54.23,250.0,0.0,0.0,195.76,0,0
11:44:23.397,123025,54.25,250.0,0.0,0.0,195.74,0,0
11:44:23.498,123125,54.28,250.0,0.0,0.0,195.71,0,0
11:44:23.600,123225,54.28,250.0,0.0,0.0,195.71,0,0
11:44:23.697,123325,54.23,250.0,0.0,0.0,195.76,0,0
11:44:23.802,123425,54.19,250.0,0.0,0.0,195.8,0,0
11:44:23.900,123525,54.13,250.0,0.0,0.0,195.86,0,0
11:44:23.997,123625,54.13,250.0,0.0,0.0,195.86,0,0
11:44:24.099,123725,54.1,250.0,0.0,0.0,195.89,0,0
11:44:24.198,123825,54.13,250.0,0.0,0.0,195.86,0,0
11:44:24.301,123925,54.17,250.0,0.0,0.0,195.82,0,0
11:44:24.398,124025,54.18,250.0,0.0,0.0,195.81,0,0
11:44:24.498,124125,54.21,250.0,0.0,0.0,195.78,0,0
11:44:24.603,124225,54.15,250.0,0.0,0.0,195.84,0,0
11:44:24.700,124325,54.07,250.0,0.0,0.0,195.92,0,0
11:44:24.802,124425,54.07,250.0,0.0,0.0,195.92,0,0
11:44:24.898,124525,54.09,250.0,0.0,0.0,195.9,0,0
11:44:25.004,124625,54.13,250.0,0.0,0.0,195.86,0,0
11:44:25.099,124725,54.12,250.0,0.0,0.0,195.87,0,0
11:44:25.196,124825,54.12,250.0,0.0,0.0,195.87,0,0
11:44:25.296,124925,54.15,250.0,0.0,0.0,195.84,0,0
11:44:25.396,125025,54.08,250.0,0.0,0.0,195.91,0,0
11:44:25.496,125125,54.07,250.0,0.0,0.0,195.92,0,0
11:44:25.598,125225,54.07,250.0,0.0,0.0,195.92,0,0
11:44:25.696,125325,54.11,250.0,0.0,0.0,195.88,0,0
11:44:25.801,125425,54.13,250.0,0.0,0.0,195.86,0,0
11:44:25.896,125525,54.14,250.0,0.0,0.0,195.85,0,0
11:44:26.002,125625,54.13,250.0,0.0,0.0,195.86,0,0
11:44:26.099,125725,54.15,250.0,0.0,0.0,195.84,0,0
11:44:26.196,125825,54.14,250.0,0.0,0.0,195.85,0,0
11:44:26.300,125925,54.11,250.0,0.0,0.0,195.88,0,0
11:44:26.396,126025,54.12,250.0,0.0,0.0,195.87,0,0
11:44:26.497,126125,54.09,250.0,0.0,0.0,195.9,0,0
11:44:26.599,126225,54.07,250.0,0.0,0.0,195.92,0,0
11:44:26.713,126325,54.04,250.0,0.0,0.0,195.95,0,0
11:44:26.803,126425,54.02,250.0,0.0,0.0,195.97,0,0
11:44:26.897,126525,53.96,250.0,0.0,0.0,196.03,0,0
11:44:26.997,126625,53.92,250.0,0.0,0.0,196.07,0,0
11:44:27.100,126725,53.89,250.0,0.0,0.0,196.1,0,0
11:44:27.197,126825,53.93,250.0,0.0,0.0,196.06,0,0
11:44:27.297,126925,53.88,250.0,0.0,0.0,196.11,0,0
11:44:27.397,127025,53.96,250.0,0.0,0.0,196.03,0,0
11:44:27.497,127125,54.1,250.0,0.0,0.0,195.89,0,0
11:44:27.599,127225,54.09,250.0,0.0,0.0,195.9,0,0
11:44:27.695,127325,54.11,250.0,0.0,0.0,195.88,0,0
11:44:27.796,127425,54.15,250.0,0.0,0.0,195.84,0,0
11:44:27.897,127525,54.14,250.0,0.0,0.0,195.85,0,0
11:44:27.995,127625,54.15,250.0,0.0,0.0,195.84,0,0
11:44:28.101,127725,54.16,250.0,0.0,0.0,195.83,0,0
11:44:28.198,127825,54.15,250.0,0.0,0.0,195.84,0,0
11:44:28.295,127925,54.14,250.0,0.0,0.0,195.85,0,0
11:44:28.399,128025,54.15,250.0,0.0,0.0,195.84,0,0
11:44:28.495,128125,54.21,250.0,0.0,0.0,195.78,0,0
11:44:28.596,128225,54.19,250.0,0.0,0.0,195.8,0,0
11:44:28.697,128325,54.2,250.0,0.0,0.0,195.79,0,0
11:44:28.795,128425,54.14,250.0,0.0,0.0,195.85,0,0
11:44:28.897,128525,54.07,250.0,0.0,0.0,195.92,0,0
11:44:28.995,128625,54.02,250.0,0.0,0.0,195.97,0,0
11:44:29.096,128725,54.04,250.0,0.0,0.0,195.95,0,0
11:44:29.198,128825,54.05,250.0,0.0,0.0,195.94,0,0
11:44:29.297,128925,54.05,250.0,0.0,0.0,195.94,0,0
11:44:29.401,129025,54.05,250.0,0.0,0.0,195.94,0,0
11:44:29.519,129125,54.11,250.0,0.0,0.0,195.88,0,0
11:44:29.600,129225,54.15,250.0,0.0,0.0,195.84,0,0
11:44:29.697,129325,54.12,250.0,0.0,0.0,195.87,0,0
11:44:29.796,129425,54.09,250.0,0.0,0.0,195.9,0,0
11:44:29.901,129525,54.06,250.0,0.0,0.0,195.93,0,0
11:44:29.996,129625,54.17,250.0,0.0,0.0,195.82,0,0
11:44:30.112,129725,54.14,250.0,0.0,0.0,195.85,0,0
11:44:30.196,129825,54.17,250.0,0.0,0.0,195.82,0,0
11:44:30.296,129925,54.14,250.0,0.0,0.0,195.85,0,0
11:44:30.396,130025,54.13,250.0,0.0,0.0,195.86,0,0
11:44:30.495,130125,54.21,250.0,0.0,0.0,195.78,0,0
11:44:30.596,130225,54.26,250.0,0.0,0.0,195.73,0,0
11:44:30.704,130325,54.28,250.0,0.0,0.0,195.71,0,0
11:44:30.795,130425,54.32,250.0,0.0,0.0,195.67,0,0
11:46:42.892,262533,54.29,250.0,0.0,0.0,195.7,0,0
11:46:42.987,262625,54.07,250.0,0.0,0.0,195.92,0,0
11:46:43.089,262725,53.86,250.0,0.0,0.0,196.13,0,0
11:46:43.190,262825,53.66,250.0,0.0,0.0,196.33,0,0
11:46:43.283,262925,53.56,250.0,0.0,0.0,196.43,0,0
11:46:43.387,263025,53.45,250.0,0.0,0.0,196.54,0,0
11:46:43.508,263125,53.45,250.0,0.0,0.0,196.54,0,0
11:46:43.513,263144,53.31,250.0,0.0,0.0,196.68,0,0
11:46:43.585,263225,53.18,250.0,0.0,0.0,196.81,0,0
11:46:43.684,263325,53.11,250.0,0.0,0.0,196.88,0,0
11:46:43.784,263425,53.05,250.0,0.0,0.0,196.94,0,0
11:46:43.884,263525,52.9,250.0,0.0,0.0,197.09,0,0
11:46:43.986,263625,52.79,250.0,0.0,0.0,197.2,0,0
11:46:44.085,263725,52.71,250.0,0.0,0.0,197.28,0,0
11:46:44.183,263825,52.71,250.0,0.0,0.0,197.28,0,0
11:46:44.285,263925,52.69,250.0,0.0,0.0,197.3,0,0
11:46:44.383,264025,52.6,250.0,0.0,0.0,197.39,0,0
11:46:44.486,264125,52.54,250.0,0.0,0.0,197.45,0,0
11:46:44.585,264225,52.51,250.0,0.0,0.0,197.48,0,0
11:46:44.684,264325,52.47,250.0,0.0,0.0,197.52,0,0
11:46:44.784,264425,52.4,250.0,0.0,0.0,197.59,0,0
11:46:44.887,264525,52.29,250.0,0.0,0.0,197.7,0,0
11:46:44.983,264625,52.24,250.0,0.0,0.0,197.75,0,0
11:46:45.009,264644,52.24,250.0,0.0,0.0,197.75,0,0
11:46:45.084,264725,52.24,250.0,0.0,0.0,197.75,0,0
11:46:45.194,264825,52.15,250.0,0.0,0.0,197.84,0,0
11:46:45.283,264925,52.15,250.0,0.0,0.0,197.84,0,0
11:46:45.305,264944,52.14,250.0,0.0,0.0,197.85,0,0
11:46:45.383,265025,52.13,250.0,0.0,0.0,197.86,0,0
11:46:45.487,265125,52.09,250.0,0.0,0.0,197.9,0,0
11:46:45.583,265225,52.09,250.0,0.0,0.0,197.9,0,0
11:46:45.603,265244,52.16,250.0,0.0,0.0,197.83,0,0
11:46:45.684,265325,52.19,250.0,0.0,0.0,197.8,0,0
11:46:45.783,265425,52.15,250.0,0.0,0.0,197.84,0,0
11:46:45.882,265525,52.07,250.0,0.0,0.0,197.92,0,0
11:46:45.982,265625,52.07,250.0,0.0,0.0,197.92,0,0
11:46:46.001,265644,52.15,250.0,0.0,0.0,197.84,0,0
11:46:46.083,265725,52.21,250.0,0.0,0.0,197.78,0,0
11:46:46.183,265825,52.19,250.0,0.0,0.0,197.8,0,0
11:46:46.285,265925,52.2,250.0,0.0,0.0,197.79,0,0
11:46:46.384,266025,52.16,250.0,0.0,0.0,197.83,0,0
11:46:46.487,266125,52.1,250.0,0.0,0.0,197.89,0,0
11:46:46.585,266225,52.09,250.0,0.0,0.0,197.9,0,0
11:46:46.684,266325,52.09,250.0,0.0,0.0,197.9,0,0
11:46:46.702,266344,52.11,250.0,0.0,0.0,197.88,0,0
11:46:46.783,266425,52.12,250.0,0.0,0.0,197.87,0,0
11:46:46.884,266525,52.14,250.0,0.0,0.0,197.85,0,0
11:46:46.985,266625,52.08,250.0,0.0,0.0,197.91,0,0
11:46:47.083,266725,52.07,250.0,0.0,0.0,197.92,0,0
11:46:47.182,266825,52.09,250.0,0.0,0.0,197.9,0,0
11:46:47.282,266925,52.04,250.0,0.0,0.0,197.95,0,0
11:46:47.382,267025,51.94,250.0,0.0,0.0,198.05,0,0
11:46:47.515,267125,51.97,250.0,0.0,0.0,198.02,0,0
11:46:47.587,267225,51.96,250.0,0.0,0.0,198.03,0,0
11:46:47.682,267325,51.89,250.0,0.0,0.0,198.1,0,0
11:46:47.785,267425,51.95,250.0,0.0,0.0,198.04,0,0
11:46:47.882,267525,51.89,250.0,0.0,0.0,198.1,0,0
11:46:47.982,267625,51.86,250.0,0.0,0.0,198.13,0,0
11:46:48.082,267725,51.86,250.0,0.0,0.0,198.13,0,0
11:46:48.101,267743,51.86,250.0,0.0,0.0,198.13,0,0
11:46:48.185,267825,51.85,250.0,0.0,0.0,198.14,0,0
11:46:48.207,267844,51.89,250.0,0.0,0.0,198.1,0,0
11:46:48.315,267925,51.95,250.0,0.0,0.0,198.04,0,0
11:46:48.382,268025,51.89,250.0,0.0,0.0,198.1,0,0
11:46:48.482,268125,51.88,250.0,0.0,0.0,198.11,0,0
11:46:48.582,268225,51.87,250.0,0.0,0.0,198.12,0,0
11:46:48.682,268325,51.88,250.0,0.0,0.0,198.11,0,0
11:46:48.782,268425,51.88,250.0,0.0,0.0,198.11,0,0
11:46:48.883,268525,51.89,250.0,0.0,0.0,198.1,0,0
11:46:48.989,268625,51.88,250.0,0.0,0.0,198.11,0,0
11:46:49.085,268725,51.9,250.0,0.0,0.0,198.09,0,0
11:46:49.186,268825,51.91,250.0,0.0,0.0,198.08,0,0
11:46:49.282,268925,51.92,250.0,0.0,0.0,198.07,0,0
11:46:49.381,269025,51.86,250.0,0.0,0.0,198.13,0,0
11:46:49.482,269125,51.83,250.0,0.0,0.0,198.16,0,0
11:46:49.582,269225,51.9,250.0,0.0,0.0,198.09,0,0
11:46:49.681,269325,51.86,250.0,0.0,0.0,198.13,0,0
11:46:49.826,269425,51.81,250.0,0.0,0.0,198.18,0,0
11:46:49.906,269525,51.81,250.0,0.0,0.0,198.18,0,0
11:46:49.993,269625,51.73,250.0,0.0,0.0,198.26,0,0
11:46:50.081,269725,51.72,250.0,0.0,0.0,198.27,0,0
11:46:50.181,269825,51.72,250.0,0.0,0.0,198.27,0,0
11:46:50.282,269925,51.73,250.0,0.0,0.0,198.26,0,0
11:46:50.383,270025,51.76,250.0,0.0,0.0,198.23,0,0
11:46:50.485,270125,51.81,250.0,0.0,0.0,198.18,0,0
11:46:50.596,270225,51.81,250.0,0.0,0.0,198.18,0,0
11:46:50.683,270325,51.81,250.0,0.0,0.0,198.18,0,0
11:46:50.789,270425,51.85,250.0,0.0,0.0,198.14,0,0
11:46:50.881,270525,51.89,250.0,0.0,0.0,198.1,0,0
11:46:50.982,270625,51.88,250.0,0.0,0.0,198.11,0,0
11:46:51.081,270725,51.94,250.0,0.0,0.0,198.05,0,0
11:46:51.182,270825,51.88,250.0,0.0,0.0,198.11,0,0
11:46:51.282,270925,51.92,250.0,0.0,0.0,198.07,0,0
11:46:51.382,271025,51.93,250.0,0.0,0.0,198.06,0,0
11:46:51.549,271125,51.87,250.0,0.0,0.0,198.12,0,0
11:46:51.584,271225,51.88,250.0,0.0,0.0,198.11,0,0
11:46:51.682,271325,51.92,250.0,0.0,0.0,198.07,0,0
11:46:51.782,271425,51.93,250.0,0.0,0.0,198.06,0,0
11:46:51.881,271525,51.96,250.0,0.0,0.0,198.03,0,0
11:46:51.981,271625,51.92,250.0,0.0,0.0,198.07,0,0
11:46:52.083,271725,51.84,250.0,0.0,0.0,198.15,0,0
11:46:52.181,271825,51.83,250.0,0.0,0.0,198.16,0,0
11:46:52.283,271925,51.85,250.0,0.0,0.0,198.14,0,0
11:46:52.381,272025,51.85,250.0,0.0,0.0,198.14,0,0
11:46:52.481,272125,51.87,250.0,0.0,0.0,198.12,0,0
11:46:52.582,272225,51.79,250.0,0.0,0.0,198.2,0,0
11:46:52.680,272325,51.79,250.0,0.0,0.0,198.2,0,0
11:46:52.700,272344,51.72,250.0,0.0,0.0,198.27,0,0
11:46:52.784,272425,51.72,250.0,0.0,0.0,198.27,0,0
11:46:52.881,272525,51.72,250.0,0.0,0.0,198.27,0,0
11:46:52.903,272544,51.84,250.0,0.0,0.0,198.15,0,0
11:46:52.981,272625,51.95,250.0,0.0,0.0,198.04,0,0
11:46:53.081,272725,51.91,250.0,0.0,0.0,198.08,0,0
11:46:53.181,272825,51.83,250.0,0.0,0.0,198.16,0,0
11:46:53.281,272925,51.8,250.0,0.0,0.0,198.19,0,0
11:46:53.386,273025,51.8,250.0,0.0,0.0,198.19,0,0
11:46:53.480,273125,51.82,250.0,0.0,0.0,198.17,0,0
11:46:53.580,273225,51.89,250.0,0.0,0.0,198.1,0,0
11:46:53.682,273325,51.88,250.0,0.0,0.0,198.11,0,0
11:46:53.780,273425,51.82,250.0,0.0,0.0,198.17,0,0
11:46:53.880,273525,51.91,250.0,0.0,0.0,198.08,0,0
11:46:53.984,273625,51.97,250.0,0.0,0.0,198.02,0,0
11:46:54.089,273725,51.93,250.0,0.0,0.0,198.06,0,0
11:46:54.180,273825,51.84,250.0,0.0,0.0,198.15,0,0
11:46:54.280,273925,51.77,250.0,0.0,0.0,198.22,0,0
11:46:54.382,274025,51.75,250.0,0.0,0.0,198.24,0,0
11:46:54.484,274125,51.84,250.0,0.0,0.0,198.15,0,0
11:46:54.500,274144,51.84,250.0,0.0,0.0,198.15,0,0
11:46:54.584,274225,51.91,250.0,0.0,0.0,198.08,0,0
11:46:54.681,274325,51.85,250.0,0.0,0.0,198.14,0,0
11:46:54.791,274425,51.85,250.0,0.0,0.0,198.14,0,0
11:46:54.816,274444,51.8,250.0,0.0,0.0,198.19,0,0
11:46:54.880,274525,51.8,250.0,0.0,0.0,198.19,0,0
11:46:54.904,274543,51.8,250.0,0.0,0.0,198.19,0,0
11:46:54.987,274625,51.8,250.0,0.0,0.0,198.19,0,0
11:46:55.005,274644,51.84,250.0,0.0,0.0,198.15,0,0
11:46:55.082,274725,51.88,250.0,0.0,0.0,198.11,0,0
11:46:55.181,274825,51.88,250.0,0.0,0.0,198.11,0,0
11:46:55.280,274925,51.89,250.0,0.0,0.0,198.1,0,0
11:46:55.381,275025,51.81,250.0,0.0,0.0,198.18,0,0
11:46:55.480,275125,51.81,250.0,0.0,0.0,198.18,0,0
11:46:55.499,275144,51.85,250.0,0.0,0.0,198.14,0,0
11:46:55.591,275225,51.89,250.0,0.0,0.0,198.1,0,0
11:46:55.684,275325,51.84,250.0,0.0,0.0,198.15,0,0
11:46:55.785,275425,51.86,250.0,0.0,0.0,198.13,0,0
11:46:55.881,275525,51.83,250.0,0.0,0.0,198.16,0,0
11:46:55.980,275625,51.94,250.0,0.0,0.0,198.05,0,0
11:46:56.080,275725,51.95,250.0,0.0,0.0,198.04,0,0
11:46:56.181,275825,51.91,250.0,0.0,0.0,198.08,0,0
11:46:56.280,275925,51.83,250.0,0.0,0.0,198.16,0,0
11:46:56.388,276025,51.85,250.0,0.0,0.0,198.14,0,0
11:46:56.489,276125,51.85,250.0,0.0,0.0,198.14,0,0
11:46:56.502,276143,51.85,250.0,0.0,0.0,198.14,0,0
11:46:56.581,276225,51.82,250.0,0.0,0.0,198.17,0,0
11:46:56.602,276244,51.81,250.0,0.0,0.0,198.18,0,0
11:46:56.680,276325,51.81,250.0,0.0,0.0,198.18,0,0
11:46:56.780,276425,51.83,250.0,0.0,0.0,198.16,0,0
11:46:56.880,276525,51.83,250.0,0.0,0.0,198.16,0,0
11:46:56.980,276625,51.83,250.0,0.0,0.0,198.16,0,0
11:46:57.080,276725,51.85,250.0,0.0,0.0,198.14,0,0
11:46:57.213,276825,51.86,250.0,0.0,0.0,198.13,0,0
11:46:57.282,276925,51.86,250.0,0.0,0.0,198.13,0,0
11:46:57.379,277025,51.86,250.0,0.0,0.0,198.13,0,0
11:46:57.398,277044,51.94,250.0,0.0,0.0,198.05,0,0
11:46:57.479,277125,52.02,250.0,0.0,0.0,197.97,0,0
11:46:57.580,277225,51.95,250.0,0.0,0.0,198.04,0,0
11:46:57.680,277325,51.93,250.0,0.0,0.0,198.06,0,0
11:46:57.699,277344,51.97,250.0,0.0,0.0,198.02,0,0
11:46:57.780,277425,51.97,250.0,0.0,0.0,198.02,0,0
11:46:57.880,277525,51.98,250.0,0.0,0.0,198.01,0,0
11:46:57.998,277625,51.91,250.0,0.0,0.0,198.08,0,0
11:46:58.006,277644,51.92,250.0,0.0,0.0,198.07,0,0
11:46:58.083,277725,51.91,250.0,0.0,0.0,198.08,0,0
11:46:58.179,277825,51.87,250.0,0.0,0.0,198.12,0,0
11:46:58.280,277925,51.91,250.0,0.0,0.0,198.08,0,0
11:46:58.380,278025,51.81,250.0,0.0,0.0,198.18,0,0
11:46:58.479,278125,51.76,250.0,0.0,0.0,198.23,0,0
11:46:58.581,278225,51.78,250.0,0.0,0.0,198.21,0,0
11:46:58.684,278325,51.76,250.0,0.0,0.0,198.23,0,0
11:46:58.786,278425,51.79,250.0,0.0,0.0,198.2,0,0
11:46:58.880,278525,51.84,250.0,0.0,0.0,198.15,0,0
11:46:58.980,278625,51.81,250.0,0.0,0.0,198.18,0,0
11:46:59.080,278725,51.83,250.0,0.0,0.0,198.16,0,0
11:46:59.179,278825,51.85,250.0,0.0,0.0,198.14,0,0
11:46:59.280,278925,51.91,250.0,0.0,0.0,198.08,0,0
11:46:59.380,279025,51.92,250.0,0.0,0.0,198.07,0,0
11:46:59.482,279125,51.84,250.0,0.0,0.0,198.15,0,0
11:46:59.599,279225,51.81,250.0,0.0,0.0,198.18,0,0
11:46:59.680,279325,51.79,250.0,0.0,0.0,198.2,0,0
11:46:59.779,279425,51.81,250.0,0.0,0.0,198.18,0,0
11:46:59.881,279525,51.79,250.0,0.0,0.0,198.2,0,0
11:46:59.979,279625,51.72,250.0,0.0,0.0,198.27,0,0
11:47:00.080,279725,51.75,250.0,0.0,0.0,198.24,0,0
11:47:00.179,279825,51.77,250.0,0.0,0.0,198.22,0,0
11:47:00.282,279925,51.78,250.0,0.0,0.0,198.21,0,0
11:47:00.380,280025,51.8,250.0,0.0,0.0,198.19,0,0
11:47:00.479,280125,51.73,250.0,0.0,0.0,198.26,0,0
11:47:00.580,280225,51.66,250.0,0.0,0.0,198.33,0,0
11:47:00.680,280325,51.65,250.0,0.0,0.0,198.34,0,0
11:47:00.779,280425,51.62,250.0,0.0,0.0,198.37,0,0
11:47:00.879,280525,51.64,250.0,0.0,0.0,198.35,0,0
11:47:01.002,280625,51.68,250.0,0.0,0.0,198.31,0,0
11:47:01.091,280725,51.69,250.0,0.0,0.0,198.3,0,0
11:47:01.179,280825,51.77,250.0,0.0,0.0,198.22,0,0
11:47:01.278,280925,51.72,250.0,0.0,0.0,198.27,0,0
11:47:01.299,280944,51.82,250.0,0.0,0.0,198.17,0,0
11:47:01.380,281025,51.91,250.0,0.0,0.0,198.08,0,0
11:47:01.479,281125,51.88,250.0,0.0,0.0,198.11,0,0
11:47:01.579,281225,51.88,250.0,0.0,0.0,198.11,0,0
11:47:01.597,281244,51.91,250.0,0.0,0.0,198.08,0,0
11:47:01.682,281325,51.95,250.0,0.0,0.0,198.04,0,0
11:47:01.794,281425,52.0,250.0,0.0,0.0,197.99,0,0
11:47:01.880,281525,51.93,250.0,0.0,0.0,198.06,0,0
11:47:01.905,281544,51.97,250.0,0.0,0.0,198.02,0,0
11:47:01.982,281625,51.97,250.0,0.0,0.0,198.02,0,0
11:47:02.079,281725,51.95,250.0,0.0,0.0,198.04,0,0
11:47:02.181,281825,51.95,250.0,0.0,0.0,198.04,0,0
11:47:02.198,281843,51.95,250.0,0.0,0.0,198.04,0,0
11:47:02.279,281925,51.95,250.0,0.0,0.0,198.04,0,0
11:47:02.297,281944,51.96,250.0,0.0,0.0,198.03,0,0
11:47:02.378,282025,51.97,250.0,0.0,0.0,198.02,0,0
11:47:02.479,282125,51.88,250.0,0.0,0.0,198.11,0,0
11:47:02.594,282225,51.87,250.0,0.0,0.0,198.12,0,0
11:47:02.685,282325,51.87,250.0,0.0,0.0,198.12,0,0
11:47:02.697,282344,51.86,250.0,0.0,0.0,198.13,0,0
11:47:02.785,282425,51.86,250.0,0.0,0.0,198.13,0,0
11:47:02.879,282525,51.76,250.0,0.0,0.0,198.23,0,0
11:47:02.978,282625,51.76,250.0,0.0,0.0,198.23,0,0
11:47:02.998,282644,51.81,250.0,0.0,0.0,198.18,0,0
11:47:03.078,282725,51.85,250.0,0.0,0.0,198.14,0,0
11:47:03.179,282825,51.87,250.0,0.0,0.0,198.12,0,0
11:47:03.278,282925,51.86,250.0,0.0,0.0,198.13,0,0
11:47:03.379,283025,51.83,250.0,0.0,0.0,198.16,0,0
11:47:03.501,283125,51.85,250.0,0.0,0.0,198.14,0,0
11:47:03.578,283225,51.84,250.0,0.0,0.0,198.15,0,0
11:47:03.686,283325,51.82,250.0,0.0,0.0,198.17,0,0
11:47:03.779,283425,51.86,250.0,0.0,0.0,198.13,0,0
11:47:03.879,283525,51.85,250.0,0.0,0.0,198.14,0,0
11:47:03.978,283625,51.82,250.0,0.0,0.0,198.17,0,0
11:47:04.081,283725,51.89,250.0,0.0,0.0,198.1,0,0
11:47:04.178,283825,51.86,250.0,0.0,0.0,198.13,0,0
11:47:04.280,283925,51.85,250.0,0.0,0.0,198.14,0,0
11:47:04.378,284025,51.84,250.0,0.0,0.0,198.15,0,0
11:47:04.493,284125,51.86,250.0,0.0,0.0,198.13,0,0
11:47:04.578,284225,51.86,250.0,0.0,0.0,198.13,0,0
11:47:04.597,284244,51.97,250.0,0.0,0.0,198.02,0,0
11:47:04.678,284325,52.07,250.0,0.0,0.0,197.92,0,0
11:47:04.779,284425,51.97,250.0,0.0,0.0,198.02,0,0
11:47:04.879,284525,51.95,250.0,0.0,0.0,198.04,0,0
11:47:04.979,284625,51.91,250.0,0.0,0.0,198.08,0,0
11:47:05.083,284725,51.95,250.0,0.0,0.0,198.04,0,0
11:47:05.184,284825,51.95,250.0,0.0,0.0,198.04,0,0
11:47:05.213,284844,51.98,250.0,0.0,0.0,198.01,0,0
11:47:05.289,284925,52.01,250.0,0.0,0.0,197.98,0,0
11:47:05.377,285025,51.91,250.0,0.0,0.0,198.08,0,0
11:47:05.478,285125,51.88,250.0,0.0,0.0,198.11,0,0
11:47:05.578,285225,51.89,250.0,0.0,0.0,198.1,0,0
11:47:05.678,285325,51.86,250.0,0.0,0.0,198.13,0,0
11:47:05.778,285425,51.83,250.0,0.0,0.0,198.16,0,0
11:47:05.885,285525,51.87,250.0,0.0,0.0,198.12,0,0
11:47:06.000,285625,51.82,250.0,0.0,0.0,198.17,0,0
11:47:06.083,285725,51.79,250.0,0.0,0.0,198.2,0,0
11:47:06.181,285825,51.79,250.0,0.0,0.0,198.2,0,0
11:47:06.277,285925,51.79,250.0,0.0,0.0,198.2,0,0
11:47:06.377,286025,51.79,250.0,0.0,0.0,198.2,0,0
11:47:06.396,286044,51.81,250.0,0.0,0.0,198.18,0,0
11:47:06.477,286125,51.81,250.0,0.0,0.0,198.18,0,0
11:47:06.496,286144,51.84,250.0,0.0,0.0,198.15,0,0
11:47:06.578,286225,51.85,250.0,0.0,0.0,198.14,0,0
11:47:06.677,286325,51.8,250.0,0.0,0.0,198.19,0,0
11:47:06.777,286425,51.73,250.0,0.0,0.0,198.26,0,0
11:47:06.886,286525,51.71,250.0,0.0,0.0,198.28,0,0
11:47:06.977,286625,51.7,250.0,0.0,0.0,198.29,0,0
11:47:07.078,286725,51.68,250.0,0.0,0.0,198.31,0,0
11:47:07.178,286825,51.69,250.0,0.0,0.0,198.3,0,0
11:47:07.282,286925,51.63,250.0,0.0,0.0,198.36,0,0
11:47:07.377,287025,51.58,250.0,0.0,0.0,198.41,0,0
11:47:07.479,287125,51.58,250.0,0.0,0.0,198.41,0,0
11:47:07.497,287144,51.57,250.0,0.0,0.0,198.42,0,0
11:47:07.613,287225,51.57,250.0,0.0,0.0,198.42,0,0
11:47:07.678,287325,51.5,250.0,0.0,0.0,198.49,0,0
11:47:07.779,287425,51.53,250.0,0.0,0.0,198.46,0,0
11:47:07.877,287525,51.6,250.0,0.0,0.0,198.39,0,0
11:47:07.976,287625,51.62,250.0,0.0,0.0,198.37,0,0
11:47:08.079,287725,51.66,250.0,0.0,0.0,198.33,0,0
11:47:08.178,287825,51.65,250.0,0.0,0.0,198.34,0,0
11:47:08.277,287925,51.65,250.0,0.0,0.0,198.34,0,0
11:47:08.297,287944,51.64,250.0,0.0,0.0,198.35,0,0
11:47:08.391,288025,51.63,250.0,0.0,0.0,198.36,0,0
11:47:08.484,288125,51.63,250.0,0.0,0.0,198.36,0,0
11:47:08.579,288225,51.57,250.0,0.0,0.0,198.42,0,0
11:47:08.677,288325,51.59,250.0,0.0,0.0,198.4,0,0
11:47:08.696,288344,51.66,250.0,0.0,0.0,198.33,0,0
11:47:08.782,288425,51.72,250.0,0.0,0.0,198.27,0,0
11:47:08.878,288525,51.7,250.0,0.0,0.0,198.29,0,0
11:47:08.977,288625,51.67,250.0,0.0,0.0,198.32,0,0
11:47:09.077,288725,51.68,250.0,0.0,0.0,198.31,0,0
11:47:09.178,288825,51.69,250.0,0.0,0.0,198.3,0,0
11:47:09.196,288844,51.75,250.0,0.0,0.0,198.24,0,0
11:47:09.277,288925,51.8,250.0,0.0,0.0,198.19,0,0
11:47:09.381,289025,51.8,250.0,0.0,0.0,198.19,0,0
11:47:09.477,289125,51.75,250.0,0.0,0.0,198.24,0,0
11:47:09.577,289225,51.71,250.0,0.0,0.0,198.28,0,0
11:47:09.676,289325,51.69,250.0,0.0,0.0,198.3,0,0
11:47:09.776,289425,51.58,250.0,0.0,0.0,198.41,0,0
11:47:09.877,289525,51.58,250.0,0.0,0.0,198.41,0,0
11:47:09.979,289625,51.63,250.0,0.0,0.0,198.36,0,0
11:47:09.996,289644,51.6,250.0,0.0,0.0,198.39,0,0
11:47:10.076,289725,51.57,250.0,0.0,0.0,198.42,0,0
11:47:10.096,289744,51.57,250.0,0.0,0.0,198.42,0,0
11:47:10.184,289825,51.57,250.0,0.0,0.0,198.42,0,0
11:47:10.282,289925,51.52,250.0,0.0,0.0,198.47,0,0
11:47:10.391,290025,51.5,250.0,0.0,0.0,198.49,0,0
11:47:10.477,290125,51.46,250.0,0.0,0.0,198.53,0,0
11:47:10.576,290225,51.49,250.0,0.0,0.0,198.5,0,0
11:47:10.678,290325,51.52,250.0,0.0,0.0,198.47,0,0
11:47:10.777,290425,51.55,250.0,0.0,0.0,198.44,0,0
11:47:10.876,290525,51.6,250.0,0.0,0.0,198.39,0,0
11:47:10.976,290625,51.54,250.0,0.0,0.0,198.45,0,0
11:47:11.076,290725,51.5,250.0,0.0,0.0,198.49,0,0
11:47:11.187,290825,51.5,250.0,0.0,0.0,198.49,0,0
11:47:11.282,290925,51.49,250.0,0.0,0.0,198.5,0,0
11:47:11.377,291025,51.47,250.0,0.0,0.0,198.52,0,0
11:47:11.476,291125,51.46,250.0,0.0,0.0,198.53,0,0
11:47:11.577,291225,51.49,250.0,0.0,0.0,198.5,0,0
11:47:11.676,291325,51.52,250.0,0.0,0.0,198.47,0,0
11:47:11.776,291425,51.55,250.0,0.0,0.0,198.44,0,0
11:47:11.901,291525,51.45,250.0,0.0,0.0,198.54,0,0
11:47:11.977,291625,51.46,250.0,0.0,0.0,198.53,0,0
11:47:12.077,291725,51.47,250.0,0.0,0.0,198.52,0,0
11:47:12.178,291825,51.43,250.0,0.0,0.0,198.56,0,0
11:47:12.196,291844,51.45,250.0,0.0,0.0,198.54,0,0
11:47:12.276,291925,51.46,250.0,0.0,0.0,198.53,0,0
11:47:12.378,292025,51.47,250.0,0.0,0.0,198.52,0,0
11:47:12.477,292125,51.43,250.0,0.0,0.0,198.56,0,0
11:47:12.576,292225,51.37,250.0,0.0,0.0,198.62,0,0
11:47:12.680,292325,51.37,250.0,0.0,0.0,198.62,0,0
11:47:12.776,292425,51.39,250.0,0.0,0.0,198.6,0,0
11:47:12.890,292525,51.4,250.0,0.0,0.0,198.59,0,0
11:47:12.977,292625,51.44,250.0,0.0,0.0,198.55,0,0
11:47:13.076,292725,51.41,250.0,0.0,0.0,198.58,0,0
11:47:13.176,292825,51.37,250.0,0.0,0.0,198.62,0,0
11:47:13.276,292925,51.32,250.0,0.0,0.0,198.67,0,0
11:47:13.375,293025,51.32,250.0,0.0,0.0,198.67,0,0
11:47:13.480,293125,51.32,250.0,0.0,0.0,198.67,0,0
11:47:13.507,293144,51.37,250.0,0.0,0.0,198.62,0,0
11:47:13.585,293225,51.41,250.0,0.0,0.0,198.58,0,0
11:47:13.689,293325,51.38,250.0,0.0,0.0,198.61,0,0
11:47:13.784,293425,51.37,250.0,0.0,0.0,198.62,0,0
11:47:13.876,293525,51.32,250.0,0.0,0.0,198.67,0,0
11:47:13.894,293544,51.37,250.0,0.0,0.0,198.62,0,0
11:47:13.977,293625,51.41,250.0,0.0,0.0,198.58,0,0
11:47:14.075,293725,51.45,250.0,0.0,0.0,198.54,0,0
11:47:14.180,293825,51.51,250.0,0.0,0.0,198.48,0,0
11:47:14.275,293925,51.53,250.0,0.0,0.0,198.46,0,0
11:47:14.461,294025,51.61,250.0,0.0,0.0,198.38,0,0
11:47:14.481,294125,51.63,250.0,0.0,0.0,198.36,0,0
11:47:14.576,294225,51.64,250.0,0.0,0.0,198.35,0,0
11:47:14.675,294325,51.66,250.0,0.0,0.0,198.33,0,0
11:47:14.775,294425,51.62,250.0,0.0,0.0,198.37,0,0
11:47:14.876,294525,51.64,250.0,0.0,0.0,198.35,0,0
11:47:14.977,294625,51.63,250.0,0.0,0.0,198.36,0,0
11:47:15.075,294725,51.65,250.0,0.0,0.0,198.34,0,0
11:47:15.180,294825,51.62,250.0,0.0,0.0,198.37,0,0
11:47:15.276,294925,51.54,250.0,0.0,0.0,198.45,0,0
11:47:15.377,295025,51.59,250.0,0.0,0.0,198.4,0,0
11:47:15.476,295125,51.56,250.0,0.0,0.0,198.43,0,0
11:47:15.574,295225,51.61,250.0,0.0,0.0,198.38,0,0
11:47:15.675,295325,51.58,250.0,0.0,0.0,198.41,0,0
11:47:15.775,295425,51.58,250.0,0.0,0.0,198.41,0,0
11:47:15.794,295444,51.67,250.0,0.0,0.0,198.32,0,0
11:47:15.882,295525,51.75,250.0,0.0,0.0,198.24,0,0
11:47:15.975,295625,51.75,250.0,0.0,0.0,198.24,0,0
11:47:16.002,295644,51.75,250.0,0.0,0.0,198.24,0,0
11:47:16.075,295725,51.76,250.0,0.0,0.0,198.23,0,0
11:47:16.175,295825,51.64,250.0,0.0,0.0,198.35,0,0
11:47:16.274,295925,51.63,250.0,0.0,0.0,198.36,0,0
11:47:16.375,296025,51.65,250.0,0.0,0.0,198.34,0,0
11:47:16.475,296125,51.62,250.0,0.0,0.0,198.37,0,0
11:47:16.494,296144,51.62,250.0,0.0,0.0,198.37,0,0
11:47:16.587,296225,51.63,250.0,0.0,0.0,198.36,0,0
11:47:16.676,296325,51.58,250.0,0.0,0.0,198.41,0,0
11:47:16.775,296425,51.48,250.0,0.0,0.0,198.51,0,0
11:47:16.875,296525,51.51,250.0,0.0,0.0,198.48,0,0
11:47:16.975,296625,51.52,250.0,0.0,0.0,198.47,0,0
11:47:17.075,296725,51.5,250.0,0.0,0.0,198.49,0,0
11:47:17.175,296825,51.55,250.0,0.0,0.0,198.44,0,0
11:47:17.275,296925,51.5,250.0,0.0,0.0,198.49,0,0
11:47:17.399,297025,51.46,250.0,0.0,0.0,198.53,0,0
11:47:17.480,297125,51.45,250.0,0.0,0.0,198.54,0,0
11:47:17.574,297225,51.44,250.0,0.0,0.0,198.55,0,0
11:47:17.674,297325,51.4,250.0,0.0,0.0,198.59,0,0
11:47:17.776,297425,51.46,250.0,0.0,0.0,198.53,0,0
11:47:17.874,297525,51.47,250.0,0.0,0.0,198.52,0,0
11:47:17.893,297544,51.53,250.0,0.0,0.0,198.46,0,0
11:47:17.974,297625,51.58,250.0,0.0,0.0,198.41,0,0
11:47:18.129,297725,51.55,250.0,0.0,0.0,198.44,0,0
11:47:18.188,297825,51.58,250.0,0.0,0.0,198.41,0,0
11:47:18.284,297925,51.55,250.0,0.0,0.0,198.44,0,0
11:47:18.379,298025,51.55,250.0,0.0,0.0,198.44,0,0
11:47:18.475,298125,51.55,250.0,0.0,0.0,198.44,0,0
11:47:18.573,298225,51.58,250.0,0.0,0.0,198.41,0,0
11:47:18.674,298325,51.57,250.0,0.0,0.0,198.42,0,0
11:47:18.775,298425,51.55,250.0,0.0,0.0,198.44,0,0
11:47:18.874,298525,51.53,250.0,0.0,0.0,198.46,0,0
11:47:18.975,298625,51.51,250.0,0.0,0.0,198.48,0,0
11:47:19.080,298725,51.54,250.0,0.0,0.0,198.45,0,0
11:47:19.175,298825,51.56,250.0,0.0,0.0,198.43,0,0
11:47:19.276,298925,51.54,250.0,0.0,0.0,198.45,0,0
11:47:19.374,299025,51.49,250.0,0.0,0.0,198.5,0,0
11:47:19.474,299125,51.43,250.0,0.0,0.0,198.56,0,0
11:47:19.574,299225,51.51,250.0,0.0,0.0,198.48,0,0
11:47:19.675,299325,51.51,250.0,0.0,0.0,198.48,0,0
11:47:19.694,299344,51.52,250.0,0.0,0.0,198.47,0,0
11:47:19.775,299425,51.52,250.0,0.0,0.0,198.47,0,0
11:47:19.875,299525,51.52,250.0,0.0,0.0,198.47,0,0
11:47:19.975,299625,51.53,250.0,0.0,0.0,198.46,0,0
11:47:20.079,299725,51.55,250.0,0.0,0.0,198.44,0,0
11:47:20.187,299825,51.53,250.0,0.0,0.0,198.46,0,0
11:47:20.274,299925,51.41,250.0,0.0,0.0,198.58,0,0
11:47:20.374,300025,51.38,250.0,0.0,0.0,198.61,0,0
11:47:20.474,300125,51.45,250.0,0.0,0.0,198.54,0,0
11:47:20.576,300225,51.46,250.0,0.0,0.0,198.53,0,0
11:47:20.674,300325,51.44,250.0,0.0,0.0,198.55,0,0
11:47:20.693,300344,51.48,250.0,0.0,0.0,198.51,0,0
11:47:20.774,300425,51.51,250.0,0.0,0.0,198.48,0,0
11:47:20.876,300525,51.47,250.0,0.0,0.0,198.52,0,0
11:47:20.988,300625,51.41,250.0,0.0,0.0,198.58,0,0
11:47:21.075,300725,51.44,250.0,0.0,0.0,198.55,0,0
11:47:21.174,300825,51.34,250.0,0.0,0.0,198.65,0,0
11:47:21.275,300925,51.38,250.0,0.0,0.0,198.61,0,0
11:47:21.374,301025,51.42,250.0,0.0,0.0,198.57,0,0
11:47:21.474,301125,51.39,250.0,0.0,0.0,198.6,0,0
11:47:21.574,301225,51.33,250.0,0.0,0.0,198.66,0,0
11:47:21.716,301325,51.36,250.0,0.0,0.0,198.63,0,0
11:47:21.775,301425,51.38,250.0,0.0,0.0,198.61,0,0
11:47:21.797,301444,51.38,250.0,0.0,0.0,198.61,0,0
11:47:21.874,301525,51.42,250.0,0.0,0.0,198.57,0,0
11:47:21.974,301625,51.34,250.0,0.0,0.0,198.65,0,0
11:47:22.074,301725,51.34,250.0,0.0,0.0,198.65,0,0
11:47:22.174,301825,51.36,250.0,0.0,0.0,198.63,0,0
11:47:22.274,301925,51.35,250.0,0.0,0.0,198.64,0,0
11:47:22.374,302025,51.35,250.0,0.0,0.0,198.64,0,0
11:47:22.485,302125,51.37,250.0,0.0,0.0,198.62,0,0
11:47:22.583,302225,51.39,250.0,0.0,0.0,198.6,0,0
11:47:22.674,302325,51.36,250.0,0.0,0.0,198.63,0,0
11:47:22.693,302344,51.43,250.0,0.0,0.0,198.56,0,0
11:47:22.773,302425,51.43,250.0,0.0,0.0,198.56,0,0
11:47:22.792,302444,51.49,250.0,0.0,0.0,198.5,0,0
11:47:22.874,302525,51.54,250.0,0.0,0.0,198.45,0,0
11:47:22.974,302625,51.49,250.0,0.0,0.0,198.5,0,0
11:47:23.074,302725,51.45,250.0,0.0,0.0,198.54,0,0
11:47:23.092,302744,51.44,250.0,0.0,0.0,198.55,0,0
11:47:23.174,302825,51.43,250.0,0.0,0.0,198.56,0,0
11:47:23.277,302925,51.39,250.0,0.0,0.0,198.6,0,0
11:47:23.378,303025,51.36,250.0,0.0,0.0,198.63,0,0
11:47:23.474,303125,51.45,250.0,0.0,0.0,198.54,0,0
11:47:23.573,303225,51.44,250.0,0.0,0.0,198.55,0,0
11:47:23.592,303244,51.48,250.0,0.0,0.0,198.51,0,0
11:47:23.673,303325,51.51,250.0,0.0,0.0,198.48,0,0
11:47:23.774,303425,51.51,250.0,0.0,0.0,198.48,0,0
11:47:23.874,303525,51.49,250.0,0.0,0.0,198.5,0,0
11:47:23.973,303625,51.52,250.0,0.0,0.0,198.47,0,0
11:47:24.074,303725,51.43,250.0,0.0,0.0,198.56,0,0
11:47:24.175,303825,51.47,250.0,0.0,0.0,198.52,0,0
11:47:24.273,303925,51.41,250.0,0.0,0.0,198.58,0,0
11:47:24.373,304025,51.44,250.0,0.0,0.0,198.55,0,0
11:47:24.473,304125,51.46,250.0,0.0,0.0,198.53,0,0
11:47:24.573,304225,51.44,250.0,0.0,0.0,198.55,0,0
11:47:24.673,304325,51.41,250.0,0.0,0.0,198.58,0,0
11:47:24.825,304425,51.45,250.0,0.0,0.0,198.54,0,0
11:47:24.874,304525,51.39,250.0,0.0,0.0,198.6,0,0
11:47:24.972,304625,51.43,250.0,0.0,0.0,198.56,0,0
11:47:25.074,304725,51.46,250.0,0.0,0.0,198.53,0,0
11:47:25.173,304825,51.4,250.0,0.0,0.0,198.59,0,0
11:47:25.273,304925,51.49,250.0,0.0,0.0,198.5,0,0
11:47:25.374,305025,51.47,250.0,0.0,0.0,198.52,0,0
11:47:25.473,305125,51.5,250.0,0.0,0.0,198.49,0,0
11:47:25.577,305225,51.48,250.0,0.0,0.0,198.51,0,0
11:47:25.681,305325,51.44,250.0,0.0,0.0,198.55,0,0
11:47:25.772,305425,51.41,250.0,0.0,0.0,198.58,0,0
11:47:25.873,305525,51.42,250.0,0.0,0.0,198.57,0,0
11:47:25.972,305625,51.39,250.0,0.0,0.0,198.6,0,0
11:47:26.073,305725,51.36,250.0,0.0,0.0,198.63,0,0
11:47:26.172,305825,51.28,250.0,0.0,0.0,198.71,0,0
11:47:26.277,305925,51.33,250.0,0.0,0.0,198.66,0,0
11:47:26.382,306025,51.33,250.0,0.0,0.0,198.66,0,0
11:47:26.474,306125,51.36,250.0,0.0,0.0,198.63,0,0
11:47:26.573,306225,51.38,250.0,0.0,0.0,198.61,0,0
11:47:26.672,306325,51.35,250.0,0.0,0.0,198.64,0,0
11:47:26.773,306425,51.25,250.0,0.0,0.0,198.74,0,0
11:47:26.874,306525,51.18,250.0,0.0,0.0,198.81,0,0
11:47:26.973,306625,51.18,250.0,0.0,0.0,198.81,0,0
11:47:26.990,306644,51.27,250.0,0.0,0.0,198.72,0,0
11:47:27.075,306725,51.34,250.0,0.0,0.0,198.65,0,0
11:47:27.181,306825,51.29,250.0,0.0,0.0,198.7,0,0
11:47:27.277,306925,51.27,250.0,0.0,0.0,198.72,0,0
11:47:27.374,307025,51.28,250.0,0.0,0.0,198.71,0,0
11:47:27.474,307125,51.31,250.0,0.0,0.0,198.68,0,0
11:47:27.572,307225,51.31,250.0,0.0,0.0,198.68,0,0
11:47:27.673,307325,51.36,250.0,0.0,0.0,198.63,0,0
11:47:27.774,307425,51.28,250.0,0.0,0.0,198.71,0,0
11:47:27.872,307525,51.33,250.0,0.0,0.0,198.66,0,0
11:47:27.980,307625,51.31,250.0,0.0,0.0,198.68,0,0
11:47:28.084,307725,51.33,250.0,0.0,0.0,198.66,0,0
11:47:28.182,307825,51.36,250.0,0.0,0.0,198.63,0,0
11:47:28.272,307925,51.3,250.0,0.0,0.0,198.69,0,0
11:47:28.373,308025,51.31,250.0,0.0,0.0,198.68,0,0
11:47:28.473,308125,51.33,250.0,0.0,0.0,198.66,0,0
11:47:28.573,308225,51.35,250.0,0.0,0.0,198.64,0,0
11:47:28.672,308325,51.35,250.0,0.0,0.0,198.64,0,0
11:47:28.807,308425,51.4,250.0,0.0,0.0,198.59,0,0
11:47:28.876,308525,51.39,250.0,0.0,0.0,198.6,0,0
11:47:28.975,308625,51.41,250.0,0.0,0.0,198.58,0,0
11:47:29.073,308725,51.42,250.0,0.0,0.0,198.57,0,0
11:47:29.174,308825,51.46,250.0,0.0,0.0,198.53,0,0
11:47:29.275,308925,51.4,250.0,0.0,0.0,198.59,0,0
11:47:29.371,309025,51.44,250.0,0.0,0.0,198.55,0,0
11:47:29.472,309125,51.45,250.0,0.0,0.0,198.54,0,0
11:47:29.588,309225,51.48,250.0,0.0,0.0,198.51,0,0
11:47:29.672,309325,51.49,250.0,0.0,0.0,198.5,0,0
11:47:29.692,309344,51.57,250.0,0.0,0.0,198.42,0,0
11:47:29.771,309425,51.64,250.0,0.0,0.0,198.35,0,0
11:47:29.873,309525,51.58,250.0,0.0,0.0,198.41,0,0
11:47:29.971,309625,51.53,250.0,0.0,0.0,198.46,0,0
11:47:30.072,309725,51.46,250.0,0.0,0.0,198.53,0,0
11:47:30.171,309825,51.45,250.0,0.0,0.0,198.54,0,0
11:47:30.274,309925,51.48,250.0,0.0,0.0,198.51,0,0
11:47:30.396,310025,51.51,250.0,0.0,0.0,198.48,0,0
11:47:30.473,310125,51.5,250.0,0.0,0.0,198.49,0,0
11:47:30.574,310225,51.45,250.0,0.0,0.0,198.54,0,0
11:47:30.671,310325,51.46,250.0,0.0,0.0,198.53,0,0
11:47:30.772,310425,51.5,250.0,0.0,0.0,198.49,0,0
11:47:30.871,310525,51.46,250.0,0.0,0.0,198.53,0,0
11:47:30.972,310625,51.42,250.0,0.0,0.0,198.57,0,0
11:47:31.073,310725,51.34,250.0,0.0,0.0,198.65,0,0
11:47:31.221,310825,51.34,250.0,0.0,0.0,198.65,0,0
11:47:31.288,310925,51.33,250.0,0.0,0.0,198.66,0,0
11:47:31.373,311025,51.33,250.0,0.0,0.0,198.66,0,0
11:47:31.471,311125,51.36,250.0,0.0,0.0,198.63,0,0
11:47:31.571,311225,51.45,250.0,0.0,0.0,198.54,0,0
11:47:31.590,311244,51.43,250.0,0.0,0.0,198.56,0,0
11:47:31.672,311325,51.45,250.0,0.0,0.0,198.54,0,0
11:47:31.772,311425,51.43,250.0,0.0,0.0,198.56,0,0
11:47:31.871,311525,51.49,250.0,0.0,0.0,198.5,0,0
11:47:31.971,311625,51.38,250.0,0.0,0.0,198.61,0,0
11:47:32.087,311725,51.3,250.0,0.0,0.0,198.69,0,0
11:47:32.173,311825,51.3,250.0,0.0,0.0,198.69,0,0
11:47:32.190,311844,51.33,250.0,0.0,0.0,198.66,0,0
11:47:32.271,311925,51.35,250.0,0.0,0.0,198.64,0,0
11:47:32.372,312025,51.37,250.0,0.0,0.0,198.62,0,0
11:47:32.471,312125,51.41,250.0,0.0,0.0,198.58,0,0
11:47:32.491,312144,51.4,250.0,0.0,0.0,198.58,0,0
11:47:32.571,312225,51.4,250.0,0.0,0.0,198.59,0,0
11:47:32.674,312325,51.44,250.0,0.0,0.0,198.55,0,0
11:47:32.771,312425,51.4,250.0,0.0,0.0,198.59,0,0
11:47:32.917,312525,51.42,250.0,0.0,0.0,198.57,0,0
11:47:32.978,312625,51.38,250.0,0.0,0.0,198.61,0,0
11:47:33.072,312725,51.35,250.0,0.0,0.0,198.64,0,0
11:47:33.171,312825,51.42,250.0,0.0,0.0,198.57,0,0
11:47:33.271,312925,51.39,250.0,0.0,0.0,198.6,0,0
11:47:33.371,313025,51.4,250.0,0.0,0.0,198.59,0,0
11:47:33.472,313125,51.32,250.0,0.0,0.0,198.67,0,0
11:47:33.571,313225,51.23,250.0,0.0,0.0,198.76,0,0
11:47:33.672,313325,51.24,250.0,0.0,0.0,198.75,0,0
11:47:33.811,313425,51.22,250.0,0.0,0.0,198.77,0,0
11:47:33.887,313525,51.23,250.0,0.0,0.0,198.76,0,0
11:47:33.971,313625,51.27,250.0,0.0,0.0,198.72,0,0
11:47:34.071,313725,51.22,250.0,0.0,0.0,198.77,0,0
11:47:34.172,313825,51.28,250.0,0.0,0.0,198.71,0,0
11:47:34.271,313925,51.26,250.0,0.0,0.0,198.73,0,0
11:47:34.371,314025,51.29,250.0,0.0,0.0,198.7,0,0
11:47:34.389,314044,51.29,250.0,0.0,0.0,198.7,0,0
11:47:34.471,314125,51.32,250.0,0.0,0.0,198.67,0,0
11:47:34.585,314225,51.29,250.0,0.0,0.0,198.7,0,0
11:47:34.671,314325,51.27,250.0,0.0,0.0,198.72,0,0
11:47:34.692,314344,51.35,250.0,0.0,0.0,198.64,0,0
11:47:34.775,314425,51.39,250.0,0.0,0.0,198.6,0,0
11:47:34.871,314525,51.41,250.0,0.0,0.0,198.58,0,0
11:47:34.970,314625,51.45,250.0,0.0,0.0,198.54,0,0
11:47:35.070,314725,51.41,250.0,0.0,0.0,198.58,0,0
11:47:35.172,314825,51.38,250.0,0.0,0.0,198.61,0,0
11:47:35.270,314925,51.4,250.0,0.0,0.0,198.59,0,0
11:47:35.383,315025,51.39,250.0,0.0,0.0,198.6,0,0
11:47:35.471,315125,51.38,250.0,0.0,0.0,198.61,0,0
11:47:35.570,315225,51.35,250.0,0.0,0.0,198.64,0,0
11:47:35.671,315325,51.37,250.0,0.0,0.0,198.62,0,0
11:47:35.770,315425,51.39,250.0,0.0,0.0,198.6,0,0
11:47:35.870,315525,51.36,250.0,0.0,0.0,198.63,0,0
11:47:35.970,315625,51.4,250.0,0.0,0.0,198.59,0,0
11:47:36.070,315725,51.47,250.0,0.0,0.0,198.52,0,0
11:47:36.173,315825,51.36,250.0,0.0,0.0,198.63,0,0
11:47:36.271,315925,51.33,250.0,0.0,0.0,198.66,0,0
11:47:36.375,316025,51.4,250.0,0.0,0.0,198.59,0,0
11:47:36.471,316125,51.37,250.0,0.0,0.0,198.62,0,0
11:47:36.572,316225,51.39,250.0,0.0,0.0,198.6,0,0
11:47:36.670,316325,51.33,250.0,0.0,0.0,198.66,0,0
11:47:36.770,316425,51.31,250.0,0.0,0.0,198.68,0,0
11:47:36.870,316525,51.33,250.0,0.0,0.0,198.66,0,0
11:47:36.973,316625,51.36,250.0,0.0,0.0,198.63,0,0
11:47:37.070,316725,51.38,250.0,0.0,0.0,198.61,0,0
11:47:37.172,316825,51.35,250.0,0.0,0.0,198.64,0,0
11:47:37.270,316925,51.3,250.0,0.0,0.0,198.69,0,0
11:47:37.370,317025,51.3,250.0,0.0,0.0,198.69,0,0
11:47:37.471,317125,51.3,250.0,0.0,0.0,198.69,0,0
11:47:37.570,317225,51.3,250.0,0.0,0.0,198.69,0,0
11:47:37.671,317325,51.26,250.0,0.0,0.0,198.73,0,0
11:47:37.771,317425,51.24,250.0,0.0,0.0,198.75,0,0
11:47:37.870,317525,51.32,250.0,0.0,0.0,198.67,0,0
11:47:37.982,317625,51.32,250.0,0.0,0.0,198.67,0,0
11:47:38.070,317725,51.3,250.0,0.0,0.0,198.69,0,0
11:47:38.170,317825,51.35,250.0,0.0,0.0,198.64,0,0
11:47:38.271,317925,51.22,250.0,0.0,0.0,198.77,0,0
11:47:38.370,318025,51.23,250.0,0.0,0.0,198.76,0,0
11:47:38.471,318125,51.27,250.0,0.0,0.0,198.72,0,0
11:47:38.570,318225,51.27,250.0,0.0,0.0,198.72,0,0
11:47:38.672,318325,51.3,250.0,0.0,0.0,198.69,0,0
11:47:38.797,318425,51.25,250.0,0.0,0.0,198.74,0,0
11:47:38.869,318525,51.31,250.0,0.0,0.0,198.68,0,0
11:47:38.973,318625,51.31,250.0,0.0,0.0,198.68,0,0
11:47:39.069,318725,51.29,250.0,0.0,0.0,198.7,0,0
11:47:39.170,318825,51.34,250.0,0.0,0.0,198.65,0,0
11:47:39.270,318925,51.34,250.0,0.0,0.0,198.65,0,0
11:47:39.370,319025,51.24,250.0,0.0,0.0,198.75,0,0
11:47:39.470,319125,51.2,250.0,0.0,0.0,198.79,0,0
11:47:39.610,319225,51.16,250.0,0.0,0.0,198.83,0,0
11:47:39.669,319325,51.16,250.0,0.0,0.0,198.83,0,0
11:47:39.692,319344,51.18,250.0,0.0,0.0,198.81,0,0
11:47:39.776,319425,51.17,250.0,0.0,0.0,198.82,0,0
11:47:39.869,319525,51.16,250.0,0.0,0.0,198.83,0,0
11:47:39.970,319625,51.23,250.0,0.0,0.0,198.76,0,0
11:47:39.991,319644,51.33,250.0,0.0,0.0,198.66,0,0
11:47:40.069,319725,51.42,250.0,0.0,0.0,198.57,0,0
11:47:40.170,319825,51.41,250.0,0.0,0.0,198.58,0,0
11:47:40.269,319925,51.38,250.0,0.0,0.0,198.61,0,0
11:47:40.382,320025,51.28,250.0,0.0,0.0,198.71,0,0
11:47:40.474,320125,51.28,250.0,0.0,0.0,198.71,0,0
11:47:40.571,320225,51.28,250.0,0.0,0.0,198.71,0,0
11:47:40.587,320243,51.28,250.0,0.0,0.0,198.71,0,0
11:47:40.674,320325,51.29,250.0,0.0,0.0,198.7,0,0
11:47:40.687,320344,51.29,250.0,0.0,0.0,198.7,0,0
11:47:40.769,320425,51.31,250.0,0.0,0.0,198.68,0,0
11:47:40.868,320525,51.22,250.0,0.0,0.0,198.77,0,0
11:47:40.970,320625,51.32,250.0,0.0,0.0,198.67,0,0
11:47:41.069,320725,51.35,250.0,0.0,0.0,198.64,0,0
11:47:41.170,320825,51.32,250.0,0.0,0.0,198.67,0,0
11:47:41.275,320925,51.27,250.0,0.0,0.0,198.72,0,0
11:47:41.382,321025,51.28,250.0,0.0,0.0,198.71,0,0
11:47:41.472,321125,51.26,250.0,0.0,0.0,198.73,0,0
11:47:41.570,321225,51.22,250.0,0.0,0.0,198.77,0,0
11:47:41.669,321325,51.2,250.0,0.0,0.0,198.79,0,0
11:47:41.770,321425,51.22,250.0,0.0,0.0,198.77,0,0
11:47:41.869,321525,51.18,250.0,0.0,0.0,198.81,0,0
11:47:41.971,321625,51.19,250.0,0.0,0.0,198.8,0,0
11:47:42.069,321725,51.23,250.0,0.0,0.0,198.76,0,0
11:47:42.188,321825,51.26,250.0,0.0,0.0,198.73,0,0
11:47:42.273,321925,51.27,250.0,0.0,0.0,198.72,0,0
11:47:42.372,322025,51.32,250.0,0.0,0.0,198.67,0,0
11:47:42.469,322125,51.27,250.0,0.0,0.0,198.72,0,0
11:47:42.568,322225,51.3,250.0,0.0,0.0,198.69,0,0
11:47:42.668,322325,51.3,250.0,0.0,0.0,198.69,0,0
11:47:42.769,322425,51.33,250.0,0.0,0.0,198.66,0,0
11:47:42.869,322525,51.33,250.0,0.0,0.0,198.66,0,0
11:47:42.968,322625,51.35,250.0,0.0,0.0,198.64,0,0
11:47:43.072,322725,51.33,250.0,0.0,0.0,198.66,0,0
11:47:43.179,322825,51.28,250.0,0.0,0.0,198.71,0,0
11:47:43.272,322925,51.26,250.0,0.0,0.0,198.73,0,0
11:47:43.368,323025,51.31,250.0,0.0,0.0,198.68,0,0
11:47:43.468,323125,51.29,250.0,0.0,0.0,198.7,0,0
11:47:43.568,323225,51.34,250.0,0.0,0.0,198.65,0,0
11:47:43.668,323325,51.34,250.0,0.0,0.0,198.65,0,0
11:47:43.688,323343,51.34,250.0,0.0,0.0,198.65,0,0
11:47:43.768,323425,51.29,250.0,0.0,0.0,198.7,0,0
11:47:43.897,323525,51.27,250.0,0.0,0.0,198.72,0,0
11:47:43.975,323625,51.27,250.0,0.0,0.0,198.72,0,0
11:47:43.997,323644,51.26,250.0,0.0,0.0,198.73,0,0
11:47:44.085,323725,51.26,250.0,0.0,0.0,198.73,0,0
11:47:44.170,323825,51.25,250.0,0.0,0.0,198.74,0,0
11:47:44.270,323925,51.18,250.0,0.0,0.0,198.81,0,0
11:47:44.371,324025,51.12,250.0,0.0,0.0,198.87,0,0
11:47:44.468,324125,51.1,250.0,0.0,0.0,198.89,0,0
11:47:44.568,324225,51.12,250.0,0.0,0.0,198.87,0,0
11:47:44.669,324325,51.16,250.0,0.0,0.0,198.83,0,0
11:47:44.790,324425,51.18,250.0,0.0,0.0,198.81,0,0
11:47:44.873,324525,51.19,250.0,0.0,0.0,198.8,0,0
11:47:44.984,324625,51.21,250.0,0.0,0.0,198.78,0,0
11:47:45.068,324725,51.22,250.0,0.0,0.0,198.77,0,0
11:47:45.168,324825,51.3,250.0,0.0,0.0,198.69,0,0
11:47:45.268,324925,51.25,250.0,0.0,0.0,198.74,0,0
11:47:45.369,325025,51.26,250.0,0.0,0.0,198.73,0,0
11:47:45.469,325125,51.27,250.0,0.0,0.0,198.72,0,0
11:47:45.568,325225,51.25,250.0,0.0,0.0,198.74,0,0
11:47:45.672,325325,51.21,250.0,0.0,0.0,198.78,0,0
11:47:45.768,325425,51.29,250.0,0.0,0.0,198.7,0,0
11:47:45.869,325525,51.22,250.0,0.0,0.0,198.77,0,0
11:47:45.968,325625,51.22,250.0,0.0,0.0,198.77,0,0
11:47:45.987,325644,51.21,250.0,0.0,0.0,198.78,0,0
11:47:46.068,325725,51.2,250.0,0.0,0.0,198.79,0,0
11:47:46.167,325825,51.26,250.0,0.0,0.0,198.73,0,0
11:47:46.267,325925,51.29,250.0,0.0,0.0,198.7,0,0
11:47:46.368,326025,51.34,250.0,0.0,0.0,198.65,0,0
11:47:46.486,326125,51.34,250.0,0.0,0.0,198.65,0,0
11:47:46.569,326225,51.29,250.0,0.0,0.0,198.7,0,0
11:47:46.667,326325,51.19,250.0,0.0,0.0,198.8,0,0
11:47:46.767,326425,51.21,250.0,0.0,0.0,198.78,0,0
11:47:46.867,326525,51.19,250.0,0.0,0.0,198.8,0,0
11:47:46.969,326625,51.23,250.0,0.0,0.0,198.76,0,0
11:47:47.068,326725,51.24,250.0,0.0,0.0,198.75,0,0
11:47:47.167,326825,51.27,250.0,0.0,0.0,198.72,0,0
11:47:47.267,326925,51.23,250.0,0.0,0.0,198.76,0,0
11:47:47.368,327025,51.22,250.0,0.0,0.0,198.77,0,0
11:47:47.468,327125,51.23,250.0,0.0,0.0,198.76,0,0
11:47:47.571,327225,51.21,250.0,0.0,0.0,198.78,0,0
11:47:47.667,327325,51.18,250.0,0.0,0.0,198.81,0,0
11:47:47.767,327425,51.18,250.0,0.0,0.0,198.81,0,0
11:47:47.786,327444,51.19,250.0,0.0,0.0,198.8,0,0
11:47:47.867,327525,51.2,250.0,0.0,0.0,198.79,0,0
11:47:47.967,327625,51.24,250.0,0.0,0.0,198.75,0,0
11:47:48.067,327725,51.22,250.0,0.0,0.0,198.77,0,0
11:47:48.167,327825,51.23,250.0,0.0,0.0,198.76,0,0
11:47:48.289,327925,51.19,250.0,0.0,0.0,198.8,0,0
11:47:48.368,328025,51.18,250.0,0.0,0.0,198.81,0,0
11:47:48.467,328125,51.2,250.0,0.0,0.0,198.79,0,0
11:47:48.567,328225,51.19,250.0,0.0,0.0,198.8,0,0
11:47:48.667,328325,51.2,250.0,0.0,0.0,198.79,0,0
11:47:48.767,328425,51.2,250.0,0.0,0.0,198.79,0,0
11:47:48.786,328444,51.21,250.0,0.0,0.0,198.78,0,0
11:47:48.867,328525,51.25,250.0,0.0,0.0,198.74,0,0
11:47:48.967,328625,51.28,250.0,0.0,0.0,198.71,0,0
11:47:49.073,328725,51.28,250.0,0.0,0.0,198.71,0,0
11:47:49.089,328744,51.31,250.0,0.0,0.0,198.68,0,0
11:47:49.168,328825,51.33,250.0,0.0,0.0,198.66,0,0
11:47:49.268,328925,51.23,250.0,0.0,0.0,198.76,0,0
11:47:49.368,329025,51.27,250.0,0.0,0.0,198.72,0,0
11:47:49.467,329125,51.2,250.0,0.0,0.0,198.79,0,0
11:47:49.567,329225,51.17,250.0,0.0,0.0,198.82,0,0
11:47:49.667,329325,51.23,250.0,0.0,0.0,198.76,0,0
11:47:49.767,329425,51.21,250.0,0.0,0.0,198.78,0,0
11:47:49.879,329525,51.21,250.0,0.0,0.0,198.78,0,0
11:47:49.887,329544,51.25,250.0,0.0,0.0,198.74,0,0
11:47:49.967,329625,51.28,250.0,0.0,0.0,198.71,0,0
11:47:50.067,329725,51.33,250.0,0.0,0.0,198.66,0,0
11:47:50.166,329825,51.33,250.0,0.0,0.0,198.66,0,0
11:47:50.187,329844,51.28,250.0,0.0,0.0,198.71,0,0
11:47:50.267,329925,51.24,250.0,0.0,0.0,198.75,0,0
11:47:50.366,330025,51.27,250.0,0.0,0.0,198.72,0,0
11:47:50.467,330125,51.3,250.0,0.0,0.0,198.69,0,0
11:47:50.567,330225,51.23,250.0,0.0,0.0,198.76,0,0
11:47:50.674,330325,51.22,250.0,0.0,0.0,198.77,0,0
11:47:50.767,330425,51.25,250.0,0.0,0.0,198.74,0,0
11:47:50.866,330525,51.11,250.0,0.0,0.0,198.88,0,0
11:47:50.966,330625,51.09,250.0,0.0,0.0,198.9,0,0
11:47:51.071,330725,51.11,250.0,0.0,0.0,198.88,0,0
11:47:51.167,330825,51.11,250.0,0.0,0.0,198.88,0,0
11:47:51.267,330925,51.1,250.0,0.0,0.0,198.89,0,0
11:47:51.366,331025,51.15,250.0,0.0,0.0,198.84,0,0
11:47:51.479,331125,51.14,250.0,0.0,0.0,198.85,0,0
11:47:51.567,331225,51.14,250.0,0.0,0.0,198.85,0,0
11:47:51.666,331325,51.16,250.0,0.0,0.0,198.83,0,0
11:47:51.769,331425,51.15,250.0,0.0,0.0,198.84,0,0
11:47:51.867,331525,51.1,250.0,0.0,0.0,198.89,0,0
11:47:51.886,331544,51.09,250.0,0.0,0.0,198.9,0,0
11:47:51.967,331625,51.09,250.0,0.0,0.0,198.9,0,0
11:47:52.067,331725,51.02,250.0,0.0,0.0,198.97,0,0
11:47:52.167,331825,51.05,250.0,0.0,0.0,198.94,0,0
11:47:52.275,331925,51.08,250.0,0.0,0.0,198.91,0,0
11:47:52.374,332025,51.08,250.0,0.0,0.0,198.91,0,0
11:47:52.467,332125,51.06,250.0,0.0,0.0,198.93,0,0
11:47:52.566,332225,51.11,250.0,0.0,0.0,198.88,0,0
11:47:52.666,332325,51.1,250.0,0.0,0.0,198.89,0,0
11:47:52.767,332425,51.13,250.0,0.0,0.0,198.86,0,0
11:47:52.866,332525,51.05,250.0,0.0,0.0,198.94,0,0
11:47:52.966,332625,51.08,250.0,0.0,0.0,198.91,0,0
11:47:53.066,332725,51.12,250.0,0.0,0.0,198.87,0,0
11:47:53.172,332825,51.19,250.0,0.0,0.0,198.8,0,0
11:47:53.269,332925,51.16,250.0,0.0,0.0,198.83,0,0
11:47:53.369,333025,51.1,250.0,0.0,0.0,198.89,0,0
11:47:53.466,333125,51.08,250.0,0.0,0.0,198.91,0,0
11:47:53.566,333225,51.12,250.0,0.0,0.0,198.87,0,0
11:47:53.666,333325,51.14,250.0,0.0,0.0,198.85,0,0
11:47:53.768,333425,51.21,250.0,0.0,0.0,198.78,0,0
11:47:53.866,333525,51.15,250.0,0.0,0.0,198.84,0,0
11:47:53.965,333625,51.14,250.0,0.0,0.0,198.85,0,0
11:47:54.073,333725,51.21,250.0,0.0,0.0,198.78,0,0
11:47:54.166,333825,51.15,250.0,0.0,0.0,198.84,0,0
11:47:54.266,333925,51.14,250.0,0.0,0.0,198.85,0,0
11:47:54.367,334025,51.14,250.0,0.0,0.0,198.85,0,0
11:47:54.465,334125,51.11,250.0,0.0,0.0,198.88,0,0
11:47:54.565,334225,51.13,250.0,0.0,0.0,198.86,0,0
11:47:54.665,334325,51.22,250.0,0.0,0.0,198.77,0,0
11:47:54.766,334425,51.23,250.0,0.0,0.0,198.76,0,0
11:47:54.882,334525,51.19,250.0,0.0,0.0,198.8,0,0
11:47:54.970,334625,51.18,250.0,0.0,0.0,198.81,0,0
11:47:55.074,334725,51.07,250.0,0.0,0.0,198.92,0,0
11:47:55.165,334825,51.1,250.0,0.0,0.0,198.89,0,0
11:47:55.268,334925,51.07,250.0,0.0,0.0,198.92,0,0
11:47:55.366,335025,51.07,250.0,0.0,0.0,198.92,0,0
11:47:55.466,335125,51.03,250.0,0.0,0.0,198.96,0,0
11:47:55.566,335225,51.03,250.0,0.0,0.0,198.96,0,0
11:47:55.667,335325,51.01,250.0,0.0,0.0,198.98,0,0
11:47:55.766,335425,51.07,250.0,0.0,0.0,198.92,0,0
11:47:55.866,335525,51.07,250.0,0.0,0.0,198.92,0,0
11:47:55.894,335544,51.16,250.0,0.0,0.0,198.83,0,0
11:47:55.965,335625,51.25,250.0,0.0,0.0,198.74,0,0
11:47:56.065,335725,51.21,250.0,0.0,0.0,198.78,0,0
11:47:56.165,335825,51.17,250.0,0.0,0.0,198.82,0,0
11:47:56.265,335925,51.14,250.0,0.0,0.0,198.85,0,0
11:47:56.285,335944,51.14,250.0,0.0,0.0,198.85,0,0
11:47:56.366,336025,51.13,250.0,0.0,0.0,198.86,0,0
11:47:56.468,336125,51.13,250.0,0.0,0.0,198.86,0,0
11:47:56.568,336225,51.19,250.0,0.0,0.0,198.8,0,0
11:47:56.667,336325,51.13,250.0,0.0,0.0,198.86,0,0
11:47:56.765,336425,51.13,250.0,0.0,0.0,198.86,0,0
11:47:56.865,336525,51.17,250.0,0.0,0.0,198.82,0,0
11:47:56.965,336625,51.19,250.0,0.0,0.0,198.8,0,0
11:47:57.065,336725,51.18,250.0,0.0,0.0,198.81,0,0
11:47:57.165,336825,51.1,250.0,0.0,0.0,198.89,0,0
11:47:57.265,336925,51.14,250.0,0.0,0.0,198.85,0,0
11:47:57.379,337025,51.14,250.0,0.0,0.0,198.85,0,0
11:47:57.481,337125,51.08,250.0,0.0,0.0,198.91,0,0
11:47:57.566,337225,51.04,250.0,0.0,0.0,198.95,0,0
11:47:57.673,337325,51.02,250.0,0.0,0.0,198.97,0,0
11:47:57.765,337425,51.0,250.0,0.0,0.0,198.99,0,0
11:47:57.784,337444,51.03,250.0,0.0,0.0,198.96,0,0
11:47:57.867,337525,51.08,250.0,0.0,0.0,198.91,0,0
11:47:57.964,337625,51.11,250.0,0.0,0.0,198.88,0,0
11:47:58.065,337725,51.06,250.0,0.0,0.0,198.93,0,0
11:47:58.184,337825,51.06,250.0,0.0,0.0,198.93,0,0
11:47:58.269,337925,51.02,250.0,0.0,0.0,198.97,0,0
11:47:58.365,338025,51.05,250.0,0.0,0.0,198.94,0,0
11:47:58.464,338125,51.05,250.0,0.0,0.0,198.94,0,0
11:47:58.484,338144,51.07,250.0,0.0,0.0,198.92,0,0
11:47:58.565,338225,51.12,250.0,0.0,0.0,198.87,0,0
11:47:58.666,338325,51.12,250.0,0.0,0.0,198.87,0,0
11:47:58.764,338425,51.04,250.0,0.0,0.0,198.95,0,0
11:47:58.868,338525,51.05,250.0,0.0,0.0,198.94,0,0
11:47:58.970,338625,50.98,250.0,0.0,0.0,199.01,0,0
11:47:59.085,338725,50.97,250.0,0.0,0.0,199.02,0,0
11:47:59.164,338825,50.93,250.0,0.0,0.0,199.06,0,0
11:47:59.264,338925,51.02,250.0,0.0,0.0,198.97,0,0
11:47:59.366,339025,51.0,250.0,0.0,0.0,198.99,0,0
11:47:59.464,339125,51.01,250.0,0.0,0.0,198.98,0,0
11:47:59.564,339225,50.97,250.0,0.0,0.0,199.02,0,0
11:47:59.665,339325,50.97,250.0,0.0,0.0,199.02,0,0
11:47:59.715,339344,51.0,250.0,0.0,0.0,198.99,0,0
11:47:59.785,339425,51.04,250.0,0.0,0.0,198.95,0,0
11:47:59.871,339525,51.06,250.0,0.0,0.0,198.93,0,0
11:47:59.964,339625,51.04,250.0,0.0,0.0,198.95,0,0
11:48:00.064,339725,51.02,250.0,0.0,0.0,198.97,0,0
11:48:00.165,339825,51.03,250.0,0.0,0.0,198.96,0,0
11:48:00.185,339844,51.11,250.0,0.0,0.0,198.88,0,0
11:48:00.264,339925,51.17,250.0,0.0,0.0,198.82,0,0
11:48:00.364,340025,51.17,250.0,0.0,0.0,198.82,0,0
11:48:00.482,340125,51.08,250.0,0.0,0.0,198.91,0,0
11:48:00.572,340225,51.16,250.0,0.0,0.0,198.83,0,0
11:48:00.672,340325,51.17,250.0,0.0,0.0,198.82,0,0
11:48:00.765,340425,51.14,250.0,0.0,0.0,198.85,0,0
11:48:00.865,340525,51.21,250.0,0.0,0.0,198.78,0,0
11:48:00.964,340625,51.17,250.0,0.0,0.0,198.82,0,0
11:48:01.063,340725,51.17,250.0,0.0,0.0,198.82,0,0
11:48:01.083,340743,51.17,250.0,0.0,0.0,198.82,0,0
11:48:01.164,340825,51.17,250.0,0.0,0.0,198.82,0,0
11:48:01.184,340844,51.21,250.0,0.0,0.0,198.78,0,0
11:48:01.268,340925,51.24,250.0,0.0,0.0,198.75,0,0
11:48:01.367,341025,51.23,250.0,0.0,0.0,198.76,0,0
11:48:01.472,341125,51.19,250.0,0.0,0.0,198.8,0,0
11:48:01.564,341225,51.16,250.0,0.0,0.0,198.83,0,0
11:48:01.664,341325,51.15,250.0,0.0,0.0,198.84,0,0
11:48:01.763,341425,51.15,250.0,0.0,0.0,198.84,0,0
11:48:01.783,341444,51.17,250.0,0.0,0.0,198.82,0,0
11:48:01.865,341525,51.18,250.0,0.0,0.0,198.81,0,0
11:48:01.963,341625,51.22,250.0,0.0,0.0,198.77,0,0
11:48:02.063,341725,51.21,250.0,0.0,0.0,198.78,0,0
11:48:02.166,341825,51.15,250.0,0.0,0.0,198.84,0,0
11:48:02.263,341925,51.15,250.0,0.0,0.0,198.84,0,0
11:48:02.282,341944,51.12,250.0,0.0,0.0,198.87,0,0
11:48:02.363,342025,51.09,250.0,0.0,0.0,198.9,0,0
11:48:02.463,342125,51.04,250.0,0.0,0.0,198.95,0,0
11:48:02.563,342225,51.02,250.0,0.0,0.0,198.97,0,0
11:48:02.663,342325,51.05,250.0,0.0,0.0,198.94,0,0
11:48:02.682,342344,51.08,250.0,0.0,0.0,198.91,0,0
11:48:02.763,342425,51.1,250.0,0.0,0.0,198.89,0,0
11:48:02.863,342525,51.08,250.0,0.0,0.0,198.91,0,0
11:48:02.963,342625,51.15,250.0,0.0,0.0,198.84,0,0
11:48:03.063,342725,51.14,250.0,0.0,0.0,198.85,0,0
11:48:03.165,342825,51.06,250.0,0.0,0.0,198.93,0,0
11:48:03.264,342925,51.04,250.0,0.0,0.0,198.95,0,0
11:48:03.364,343025,51.02,250.0,0.0,0.0,198.97,0,0
11:48:03.464,343125,51.03,250.0,0.0,0.0,198.96,0,0
11:48:03.482,343144,51.04,250.0,0.0,0.0,198.95,0,0
11:48:03.563,343225,51.04,250.0,0.0,0.0,198.95,0,0
11:48:03.664,343325,51.07,250.0,0.0,0.0,198.92,0,0
11:48:03.772,343425,51.0,250.0,0.0,0.0,198.99,0,0
11:48:03.863,343525,51.03,250.0,0.0,0.0,198.96,0,0
11:48:03.976,343625,51.04,250.0,0.0,0.0,198.95,0,0
11:48:04.063,343725,51.09,250.0,0.0,0.0,198.9,0,0
11:48:04.163,343825,51.09,250.0,0.0,0.0,198.9,0,0
11:48:04.182,343843,51.09,250.0,0.0,0.0,198.9,0,0
11:48:04.263,343925,51.09,250.0,0.0,0.0,198.9,0,0
11:48:04.282,343944,51.11,250.0,0.0,0.0,198.88,0,0
11:48:04.363,344025,51.13,250.0,0.0,0.0,198.86,0,0
11:48:04.464,344125,51.1,250.0,0.0,0.0,198.89,0,0
11:48:04.567,344225,51.1,250.0,0.0,0.0,198.89,0,0
11:48:04.666,344325,51.1,250.0,0.0,0.0,198.89,0,0
11:48:04.774,344425,51.1,250.0,0.0,0.0,198.89,0,0
11:48:04.864,344525,51.12,250.0,0.0,0.0,198.87,0,0
11:48:04.963,344625,51.14,250.0,0.0,0.0,198.85,0,0
11:48:05.064,344725,51.18,250.0,0.0,0.0,198.81,0,0
11:48:05.162,344825,51.17,250.0,0.0,0.0,198.82,0,0
11:48:05.264,344925,51.14,250.0,0.0,0.0,198.85,0,0
11:48:05.364,345025,51.16,250.0,0.0,0.0,198.83,0,0
11:48:05.471,345125,51.13,250.0,0.0,0.0,198.86,0,0
11:48:05.489,345144,51.1,250.0,0.0,0.0,198.89,0,0
11:48:05.575,345225,51.07,250.0,0.0,0.0,198.92,0,0
11:48:05.663,345325,51.0,250.0,0.0,0.0,198.99,0,0
11:48:05.763,345425,50.99,250.0,0.0,0.0,199.0,0,0
11:48:05.864,345525,50.97,250.0,0.0,0.0,199.02,0,0
11:48:05.963,345625,50.91,250.0,0.0,0.0,199.08,0,0
11:48:06.063,345725,50.88,250.0,0.0,0.0,199.11,0,0
11:48:06.082,345744,50.88,250.0,0.0,0.0,199.11,0,0
11:48:06.164,345825,50.85,250.0,0.0,0.0,199.14,0,0
11:48:06.297,345925,50.87,250.0,0.0,0.0,199.12,0,0
11:48:06.368,346025,50.9,250.0,0.0,0.0,199.09,0,0
11:48:06.466,346125,50.94,250.0,0.0,0.0,199.05,0,0
11:48:06.563,346225,50.93,250.0,0.0,0.0,199.06,0,0
11:48:06.662,346325,50.92,250.0,0.0,0.0,199.07,0,0
11:48:06.763,346425,50.89,250.0,0.0,0.0,199.1,0,0
11:48:06.862,346525,50.89,250.0,0.0,0.0,199.1,0,0
11:48:06.883,346544,50.96,250.0,0.0,0.0,199.03,0,0
11:48:06.964,346625,51.02,250.0,0.0,0.0,198.97,0,0
11:48:07.063,346725,50.98,250.0,0.0,0.0,199.01,0,0
11:48:07.164,346825,50.98,250.0,0.0,0.0,199.01,0,0
11:48:07.191,346844,51.01,250.0,0.0,0.0,198.98,0,0
11:48:07.264,346925,51.01,250.0,0.0,0.0,198.98,0,0
11:48:07.289,346944,51.02,250.0,0.0,0.0,198.97,0,0
11:48:07.363,347025,51.02,250.0,0.0,0.0,198.97,0,0
11:48:07.381,347044,51.1,250.0,0.0,0.0,198.89,0,0
11:48:07.464,347125,51.16,250.0,0.0,0.0,198.83,0,0
11:48:07.563,347225,51.18,250.0,0.0,0.0,198.81,0,0
11:48:07.663,347325,51.1,250.0,0.0,0.0,198.89,0,0
11:48:07.766,347425,51.1,250.0,0.0,0.0,198.89,0,0
11:48:07.902,347525,51.1,250.0,0.0,0.0,198.89,0,0
11:48:07.970,347625,51.1,250.0,0.0,0.0,198.89,0,0
11:48:08.065,347725,51.12,250.0,0.0,0.0,198.87,0,0
11:48:08.162,347825,51.11,250.0,0.0,0.0,198.88,0,0
11:48:08.263,347925,51.09,250.0,0.0,0.0,198.9,0,0
11:48:08.362,348025,51.16,250.0,0.0,0.0,198.83,0,0
11:48:08.462,348125,51.17,250.0,0.0,0.0,198.82,0,0
11:48:08.564,348225,51.14,250.0,0.0,0.0,198.85,0,0
11:48:08.663,348325,51.09,250.0,0.0,0.0,198.9,0,0
11:48:08.763,348425,51.09,250.0,0.0,0.0,198.9,0,0
11:48:08.781,348444,51.16,250.0,0.0,0.0,198.83,0,0
11:48:08.870,348525,51.22,250.0,0.0,0.0,198.77,0,0
11:48:08.970,348625,51.21,250.0,0.0,0.0,198.78,0,0
11:48:09.062,348725,51.2,250.0,0.0,0.0,198.79,0,0
11:48:09.162,348825,51.16,250.0,0.0,0.0,198.83,0,0
11:48:09.262,348925,51.18,250.0,0.0,0.0,198.81,0,0
11:48:09.362,349025,51.24,250.0,0.0,0.0,198.75,0,0
11:48:09.462,349125,51.24,250.0,0.0,0.0,198.75,0,0
11:48:09.481,349143,51.24,250.0,0.0,0.0,198.75,0,0
11:48:09.594,349225,51.24,250.0,0.0,0.0,198.75,0,0
11:48:09.631,349244,51.18,250.0,0.0,0.0,198.81,0,0
11:48:09.662,349325,51.12,250.0,0.0,0.0,198.87,0,0
11:48:09.763,349425,51.07,250.0,0.0,0.0,198.92,0,0
11:48:09.862,349525,51.05,250.0,0.0,0.0,198.94,0,0
11:48:09.963,349625,51.07,250.0,0.0,0.0,198.92,0,0
11:48:10.062,349725,51.07,250.0,0.0,0.0,198.92,0,0
11:48:10.162,349825,51.05,250.0,0.0,0.0,198.94,0,0
11:48:10.262,349925,50.98,250.0,0.0,0.0,199.01,0,0
11:48:10.362,350025,50.99,250.0,0.0,0.0,199.0,0,0
11:48:10.462,350125,50.98,250.0,0.0,0.0,199.01,0,0
11:48:10.563,350225,50.92,250.0,0.0,0.0,199.07,0,0
11:48:10.664,350325,50.92,250.0,0.0,0.0,199.07,0,0
11:48:10.684,350344,50.96,250.0,0.0,0.0,199.03,0,0
11:48:10.764,350425,50.99,250.0,0.0,0.0,199.0,0,0
11:48:10.861,350525,51.0,250.0,0.0,0.0,198.99,0,0
11:48:10.962,350625,51.06,250.0,0.0,0.0,198.93,0,0
11:48:11.061,350725,51.06,250.0,0.0,0.0,198.93,0,0
11:48:11.161,350825,51.06,250.0,0.0,0.0,198.93,0,0
11:48:11.180,350844,51.04,250.0,0.0,0.0,198.95,0,0
11:48:11.305,350925,51.04,250.0,0.0,0.0,198.95,0,0
11:48:11.362,351025,51.05,250.0,0.0,0.0,198.94,0,0
11:48:11.461,351125,51.05,250.0,0.0,0.0,198.94,0,0
11:48:11.486,351144,51.08,250.0,0.0,0.0,198.91,0,0
11:48:11.562,351225,51.1,250.0,0.0,0.0,198.89,0,0
11:48:11.662,351325,51.15,250.0,0.0,0.0,198.84,0,0
11:48:11.761,351425,51.15,250.0,0.0,0.0,198.84,0,0
11:48:11.780,351444,51.12,250.0,0.0,0.0,198.87,0,0
11:48:11.862,351525,51.09,250.0,0.0,0.0,198.9,0,0
11:48:11.963,351625,51.07,250.0,0.0,0.0,198.92,0,0
11:48:12.071,351725,51.04,250.0,0.0,0.0,198.95,0,0
11:48:12.162,351825,51.07,250.0,0.0,0.0,198.92,0,0
11:48:12.264,351925,51.07,250.0,0.0,0.0,198.92,0,0
11:48:12.361,352025,51.07,250.0,0.0,0.0,198.92,0,0
11:48:12.379,352044,51.07,250.0,0.0,0.0,198.92,0,0
11:48:12.462,352125,51.08,250.0,0.0,0.0,198.91,0,0
11:48:12.562,352225,51.0,250.0,0.0,0.0,198.99,0,0
11:48:12.663,352325,51.01,250.0,0.0,0.0,198.98,0,0
11:48:12.762,352425,51.01,250.0,0.0,0.0,198.98,0,0
11:48:12.780,352444,50.97,250.0,0.0,0.0,199.02,0,0
11:48:12.861,352525,50.93,250.0,0.0,0.0,199.06,0,0
11:48:12.971,352625,50.9,250.0,0.0,0.0,199.09,0,0
11:48:13.064,352725,50.94,250.0,0.0,0.0,199.05,0,0
11:48:13.164,352825,50.91,250.0,0.0,0.0,199.08,0,0
11:48:13.262,352925,50.98,250.0,0.0,0.0,199.01,0,0
11:48:13.361,353025,50.98,250.0,0.0,0.0,199.01,0,0
11:48:13.380,353044,50.99,250.0,0.0,0.0,199.0,0,0
11:48:13.463,353125,51.0,250.0,0.0,0.0,198.99,0,0
11:48:13.560,353225,51.01,250.0,0.0,0.0,198.98,0,0
11:48:13.661,353325,50.92,250.0,0.0,0.0,199.07,0,0
11:48:13.763,353425,50.92,250.0,0.0,0.0,199.07,0,0
11:48:13.781,353444,50.98,250.0,0.0,0.0,199.01,0,0
11:48:13.896,353525,51.06,250.0,0.0,0.0,198.93,0,0
11:48:13.989,353625,50.97,250.0,0.0,0.0,199.02,0,0
11:48:14.067,353725,50.97,250.0,0.0,0.0,199.02,0,0
11:48:14.088,353743,50.97,250.0,0.0,0.0,199.02,0,0
11:48:14.161,353825,50.93,250.0,0.0,0.0,199.06,0,0
11:48:14.262,353925,50.87,250.0,0.0,0.0,199.12,0,0
11:48:14.360,354025,50.87,250.0,0.0,0.0,199.12,0,0
11:48:14.381,354044,50.97,250.0,0.0,0.0,199.02,0,0
11:48:14.461,354125,51.07,250.0,0.0,0.0,198.92,0,0
11:48:14.560,354225,51.1,250.0,0.0,0.0,198.89,0,0
11:48:14.660,354325,51.1,250.0,0.0,0.0,198.89,0,0
11:48:14.781,354425,51.1,250.0,0.0,0.0,198.89,0,0
11:48:14.861,354525,51.09,250.0,0.0,0.0,198.9,0,0
11:48:14.967,354625,51.07,250.0,0.0,0.0,198.92,0,0
11:48:15.060,354725,51.05,250.0,0.0,0.0,198.94,0,0
11:48:15.160,354825,51.07,250.0,0.0,0.0,198.92,0,0
11:48:15.261,354925,51.07,250.0,0.0,0.0,198.92,0,0
11:48:15.280,354944,51.1,250.0,0.0,0.0,198.89,0,0
11:48:15.360,355025,51.1,250.0,0.0,0.0,198.89,0,0
11:48:15.461,355125,51.02,250.0,0.0,0.0,198.97,0,0
11:48:15.624,355225,51.01,250.0,0.0,0.0,198.98,0,0
11:48:15.661,355325,51.06,250.0,0.0,0.0,198.93,0,0
11:48:15.680,355344,51.11,250.0,0.0,0.0,198.88,0,0
11:48:15.763,355425,51.16,250.0,0.0,0.0,198.83,0,0
11:48:15.861,355525,51.13,250.0,0.0,0.0,198.86,0,0
11:48:15.961,355625,51.1,250.0,0.0,0.0,198.89,0,0
11:48:16.061,355725,51.1,250.0,0.0,0.0,198.89,0,0
11:48:16.160,355825,51.02,250.0,0.0,0.0,198.97,0,0
11:48:16.260,355925,51.03,250.0,0.0,0.0,198.96,0,0
11:48:16.375,356025,50.96,250.0,0.0,0.0,199.03,0,0
11:48:16.387,356044,50.88,250.0,0.0,0.0,199.11,0,0
11:48:16.469,356125,50.83,250.0,0.0,0.0,199.16,0,0
11:48:16.562,356225,50.85,250.0,0.0,0.0,199.14,0,0
11:48:16.661,356325,50.8,250.0,0.0,0.0,199.19,0,0
11:48:16.761,356425,50.71,250.0,0.0,0.0,199.28,0,0
11:48:16.860,356525,50.77,250.0,0.0,0.0,199.22,0,0
11:48:16.960,356625,50.73,250.0,0.0,0.0,199.26,0,0
11:48:17.061,356725,50.79,250.0,0.0,0.0,199.2,0,0
11:48:17.161,356825,50.82,250.0,0.0,0.0,199.17,0,0
11:48:17.279,356925,50.89,250.0,0.0,0.0,199.1,0,0
11:48:17.362,357025,50.86,250.0,0.0,0.0,199.13,0,0
11:48:17.460,357125,50.84,250.0,0.0,0.0,199.15,0,0
11:48:17.560,357225,50.89,250.0,0.0,0.0,199.1,0,0
11:48:17.660,357325,50.89,250.0,0.0,0.0,199.1,0,0
11:48:17.679,357344,50.93,250.0,0.0,0.0,199.06,0,0
11:48:17.760,357425,50.93,250.0,0.0,0.0,199.06,0,0
11:48:17.779,357443,50.93,250.0,0.0,0.0,199.06,0,0
11:48:17.861,357525,50.93,250.0,0.0,0.0,199.06,0,0
11:48:17.882,357544,50.9,250.0,0.0,0.0,199.09,0,0
11:48:17.959,357625,50.9,250.0,0.0,0.0,199.09,0,0
11:48:17.978,357644,50.96,250.0,0.0,0.0,199.03,0,0
11:48:18.084,357725,51.02,250.0,0.0,0.0,198.97,0,0
11:48:18.176,357825,50.98,250.0,0.0,0.0,199.01,0,0
11:48:18.260,357925,50.99,250.0,0.0,0.0,199.0,0,0
11:48:18.360,358025,51.05,250.0,0.0,0.0,198.94,0,0
11:48:18.459,358125,51.03,250.0,0.0,0.0,198.96,0,0
11:48:18.478,358144,51.03,250.0,0.0,0.0,198.96,0,0
11:48:18.559,358225,51.13,250.0,0.0,0.0,198.86,0,0
11:48:18.660,358325,51.05,250.0,0.0,0.0,198.94,0,0
11:48:18.803,358425,51.08,250.0,0.0,0.0,198.91,0,0
11:48:18.866,358525,51.06,250.0,0.0,0.0,198.93,0,0
11:48:18.958,358625,51.03,250.0,0.0,0.0,198.96,0,0
11:48:19.060,358725,51.04,250.0,0.0,0.0,198.95,0,0
11:48:19.159,358825,51.04,250.0,0.0,0.0,198.95,0,0
11:48:19.178,358844,51.07,250.0,0.0,0.0,198.92,0,0
11:48:19.264,358925,51.09,250.0,0.0,0.0,198.9,0,0
11:48:19.361,359025,51.14,250.0,0.0,0.0,198.85,0,0
11:48:19.464,359125,51.13,250.0,0.0,0.0,198.86,0,0
11:48:19.562,359225,51.08,250.0,0.0,0.0,198.91,0,0
11:48:19.663,359325,51.01,250.0,0.0,0.0,198.98,0,0
11:48:19.762,359425,51.06,250.0,0.0,0.0,198.93,0,0
11:48:19.860,359525,51.06,250.0,0.0,0.0,198.93,0,0
11:48:19.879,359543,51.06,250.0,0.0,0.0,198.93,0,0
11:48:19.959,359625,51.06,250.0,0.0,0.0,198.93,0,0
11:48:19.997,359644,51.16,250.0,0.0,0.0,198.83,0,0
11:48:20.059,359725,51.25,250.0,0.0,0.0,198.74,0,0
11:48:20.161,359825,51.16,250.0,0.0,0.0,198.83,0,0
11:48:20.263,359925,51.15,250.0,0.0,0.0,198.84,0,0
